customerID,churn_probability,predicted_churn,risk_category
7590-VHVEG,0.5822,True,High Risk
5575-GNVDE,0.0661,False,Low Risk
3668-QPYBK,0.4555,False,Medium Risk
7795-CFOCW,0.0606,False,Low Risk
9237-HQITU,0.656,True,High Risk
9305-CDSKC,0.7811,True,Very High Risk
1452-KIOVK,0.3884,False,Medium Risk
6713-OKOMC,0.2316,False,Low Risk
7892-POOKP,0.5065,True,High Risk
6388-TABGU,0.0584,False,Low Risk
9763-GRSKD,0.158,False,Low Risk
7469-LKBCI,0.0307,False,Low Risk
8091-TTVAX,0.2036,False,Low Risk
0280-XJGEX,0.3687,False,Medium Risk
5129-JLPIS,0.4545,False,Medium Risk
3655-SNQYZ,0.0402,False,Low Risk
8191-XWSZG,0.0244,False,Low Risk
9959-WOFKT,0.1179,False,Low Risk
4190-MFLUW,0.2037,False,Low Risk
4183-MYFRB,0.4843,False,Medium Risk
8779-QRDMV,0.7683,True,Very High Risk
1680-VDCWW,0.069,False,Low Risk
1066-JKSGK,0.393,False,Medium Risk
3638-WEABW,0.0324,False,Low Risk
6322-HRPFA,0.0829,False,Low Risk
6865-JZNKO,0.1378,False,Low Risk
6467-CHFZW,0.4142,False,Medium Risk
8665-UTDHZ,0.5482,True,High Risk
5248-YGIJN,0.0114,False,Low Risk
8773-HHUOZ,0.2736,False,Low Risk
3841-NFECX,0.0395,False,Low Risk
4929-XIHVW,0.6374,True,High Risk
6827-IEAUQ,0.0634,False,Low Risk
7310-EGVHZ,0.2958,False,Low Risk
3413-BMNZE,0.5266,True,High Risk
6234-RAAPL,0.0372,False,Low Risk
6047-YHPVI,0.6238,True,High Risk
6572-ADKRS,0.2647,False,Low Risk
5380-WJKOV,0.4769,False,Medium Risk
8168-UQWWF,0.7134,True,Very High Risk
8865-TNMNX,0.1603,False,Low Risk
9489-DEDVP,0.0293,False,Low Risk
9867-JCZSP,0.0442,False,Low Risk
4671-VJLCL,0.0342,False,Low Risk
4080-IIARD,0.2809,False,Low Risk
3714-NTNFO,0.4554,False,Medium Risk
5948-UJZLF,0.4367,False,Medium Risk
7760-OYPDY,0.6942,True,High Risk
7639-LIAYI,0.0368,False,Low Risk
2954-PIBKO,0.0252,False,Low Risk
8012-SOUDQ,0.4531,False,Medium Risk
9420-LOJKX,0.5281,True,High Risk
6575-SUVOI,0.1258,False,Low Risk
7495-OOKFY,0.6296,True,High Risk
4667-QONEA,0.0887,False,Low Risk
1658-BYGOY,0.6047,True,High Risk
8769-KKTPH,0.1797,False,Low Risk
5067-XJQFU,0.2446,False,Low Risk
3957-SQXML,0.0112,False,Low Risk
5954-BDFSG,0.1412,False,Low Risk
0434-CSFON,0.4533,False,Medium Risk
1215-FIGMP,0.2589,False,Low Risk
0526-SXDJP,0.0353,False,Low Risk
0557-ASKVU,0.1423,False,Low Risk
5698-BQJOH,0.6889,True,High Risk
5122-CYFXA,0.3929,False,Medium Risk
8627-ZYGSZ,0.2472,False,Low Risk
3410-YOQBQ,0.0507,False,Low Risk
3170-NMYVV,0.0053,False,Low Risk
7410-OIEDU,0.417,False,Medium Risk
2273-QCKXA,0.3835,False,Medium Risk
0731-EBJQB,0.023,False,Low Risk
1891-QRQSA,0.1223,False,Low Risk
8028-PNXHQ,0.0049,False,Low Risk
5630-AHZIL,0.2782,False,Low Risk
2673-CXQEU,0.23,False,Low Risk
6416-JNVRK,0.1089,False,Low Risk
5590-ZSKRV,0.168,False,Low Risk
0191-ZHSKZ,0.2303,False,Low Risk
3887-PBQAO,0.0251,False,Low Risk
5919-TMRGD,0.7925,True,Very High Risk
8108-UXRQN,0.2999,False,Low Risk
9191-MYQKX,0.6136,True,High Risk
9919-YLNNG,0.2911,False,Low Risk
0318-ZOPWS,0.0127,False,Low Risk
4445-ZJNMU,0.6772,True,High Risk
4808-YNLEU,0.0776,False,Low Risk
1862-QRWPE,0.0061,False,Low Risk
2796-NNUFI,0.0094,False,Low Risk
3016-KSVCP,0.222,False,Low Risk
4767-HZZHQ,0.2522,False,Low Risk
2424-WVHPL,0.6089,True,High Risk
7233-PAHHL,0.0252,False,Low Risk
6067-NGCEU,0.2026,False,Low Risk
9848-JQJTX,0.1306,False,Low Risk
8637-XJIVR,0.5331,True,High Risk
9803-FTJCG,0.0603,False,Low Risk
0278-YXOOG,0.1434,False,Low Risk
3212-KXOCR,0.0136,False,Low Risk
4598-XLKNJ,0.5393,True,High Risk
6380-ARCEH,0.364,False,Medium Risk
3679-XASPY,0.3492,False,Medium Risk
7123-WQUHX,0.176,False,Low Risk
5386-THSLQ,0.1203,False,Low Risk
3192-NQECA,0.1596,False,Low Risk
6180-YBIQI,0.3914,False,Medium Risk
6728-DKUCO,0.1464,False,Low Risk
9750-BOOHV,0.0987,False,Low Risk
8597-CWYHH,0.234,False,Low Risk
2848-YXSMW,0.0084,False,Low Risk
0486-HECZI,0.3033,False,Medium Risk
4549-ZDQYY,0.0595,False,Low Risk
5712-AHQNN,0.3698,False,Medium Risk
4846-WHAFZ,0.4477,False,Medium Risk
5256-SKJGO,0.0787,False,Low Risk
3071-VBYPO,0.4071,False,Medium Risk
9560-BBZXK,0.088,False,Low Risk
5299-RULOA,0.6755,True,High Risk
8402-OOOHJ,0.008,False,Low Risk
9445-ZUEQE,0.2545,False,Low Risk
1091-SOZGA,0.2036,False,Low Risk
2928-HLDBA,0.0962,False,Low Risk
0404-SWRVG,0.7053,True,Very High Risk
6497-TILVL,0.1939,False,Low Risk
7219-TLZHO,0.1085,False,Low Risk
4622-YNKIJ,0.1692,False,Low Risk
4412-YLTKF,0.4755,False,Medium Risk
6734-PSBAW,0.0067,False,Low Risk
3930-ZGWVE,0.3401,False,Medium Risk
2639-UGMAZ,0.1623,False,Low Risk
2876-GZYZC,0.6241,True,High Risk
6207-WIOLX,0.2001,False,Low Risk
8587-XYZSF,0.0391,False,Low Risk
3091-FYHKI,0.7088,True,Very High Risk
2372-HWUHI,0.5394,True,High Risk
7799-LGRDP,0.0435,False,Low Risk
7850-VWJUU,0.3099,False,Medium Risk
3774-VBNXY,0.0038,False,Low Risk
6217-KDYWC,0.0364,False,Low Risk
0390-DCFDQ,0.7377,True,Very High Risk
3146-MSEGF,0.0194,False,Low Risk
4080-OGPJL,0.3751,False,Medium Risk
1095-WGNGG,0.1371,False,Low Risk
2636-SJDOU,0.1256,False,Low Risk
1131-QQZEB,0.004,False,Low Risk
5716-EZXZN,0.0524,False,Low Risk
6837-BJYDQ,0.0434,False,Low Risk
2135-RXIHG,0.6055,True,High Risk
6440-DKQGE,0.1028,False,Low Risk
3466-BYAVD,0.1695,False,Low Risk
3780-YVMFA,0.3572,False,Medium Risk
3874-EQOEP,0.7124,True,Very High Risk
1679-JRFBR,0.137,False,Low Risk
9073-ZZIAY,0.0247,False,Low Risk
3077-RSNTJ,0.0742,False,Low Risk
6551-GNYDG,0.5123,True,High Risk
9167-APMXZ,0.4162,False,Medium Risk
2749-CTKAJ,0.0139,False,Low Risk
6371-NZYEG,0.0729,False,Low Risk
7554-NEWDD,0.0642,False,Low Risk
8992-VONJD,0.2662,False,Low Risk
0867-MKZVY,0.4223,False,Medium Risk
4482-EWFMI,0.6372,True,High Risk
4648-YPBTM,0.0342,False,Low Risk
2907-ILJBN,0.0624,False,Low Risk
6345-FZOQH,0.0094,False,Low Risk
3376-BMGFE,0.6153,True,High Risk
5997-OPVFA,0.0119,False,Low Risk
3445-HXXGF,0.3289,False,Medium Risk
1159-WFSGR,0.0806,False,Low Risk
7654-YWJUF,0.1406,False,Low Risk
1875-QIVME,0.7465,True,Very High Risk
6727-IOTLZ,0.0954,False,Low Risk
0691-JVSYA,0.2266,False,Low Risk
5918-VUKWP,0.0269,False,Low Risk
1744-JHKYS,0.029,False,Low Risk
2656-FMOKZ,0.5465,True,High Risk
2070-FNEXE,0.4492,False,Medium Risk
5947-SGKCL,0.486,False,Medium Risk
3712-PKXZA,0.0198,False,Low Risk
6317-YPKDH,0.4612,False,Medium Risk
6582-OIVSP,0.4739,False,Medium Risk
9367-WXLCH,0.6377,True,High Risk
5524-KHNJP,0.1089,False,Low Risk
1918-ZBFQJ,0.5869,True,High Risk
1024-GUALD,0.6222,True,High Risk
4827-USJHP,0.2109,False,Low Risk
8167-GJLRN,0.4245,False,Medium Risk
0956-SYCWG,0.0609,False,Low Risk
8017-UVSZU,0.1321,False,Low Risk
7100-FQPRV,0.0827,False,Low Risk
2472-OVKUP,0.695,True,High Risk
2984-RGEYA,0.014,False,Low Risk
9680-NIAUV,0.0381,False,Low Risk
2146-EGVDT,0.0109,False,Low Risk
2604-IJPDU,0.4612,False,Medium Risk
9178-JHUVJ,0.0234,False,Low Risk
6168-YBYNP,0.3184,False,Medium Risk
7255-SSFBC,0.0711,False,Low Risk
3645-DEYGF,0.2808,False,Low Risk
9323-HGFWY,0.2697,False,Low Risk
8544-GOQSH,0.4208,False,Medium Risk
3363-DTIVD,0.1142,False,Low Risk
7018-WBJNK,0.4528,False,Medium Risk
9142-KZXOP,0.2482,False,Low Risk
7674-YTAFD,0.1858,False,Low Risk
6348-SNFUS,0.0089,False,Low Risk
1285-OKIPP,0.8007,True,Very High Risk
7825-ECJRF,0.5418,True,High Risk
1347-KTTTA,0.1828,False,Low Risk
7841-TZDMQ,0.5472,True,High Risk
4195-NZGTA,0.563,True,High Risk
7157-SMCFK,0.0531,False,Low Risk
4709-LKHYG,0.0192,False,Low Risk
2504-DSHIH,0.4857,False,Medium Risk
0699-NDKJM,0.1269,False,Low Risk
9286-BHDQG,0.0227,False,Low Risk
0230-WEQUW,0.0164,False,Low Risk
2040-LDIWQ,0.0346,False,Low Risk
6496-JDSSB,0.5898,True,High Risk
9408-SSNVZ,0.6323,True,High Risk
4443-EMBNA,0.0103,False,Low Risk
6469-MRVET,0.2126,False,Low Risk
0742-MOABM,0.3246,False,Medium Risk
5961-VUSRV,0.0515,False,Low Risk
6778-JFCMK,0.122,False,Low Risk
6341-JVQGF,0.1026,False,Low Risk
2232-DMLXU,0.5216,True,High Risk
4811-JBUVU,0.3006,False,Medium Risk
0945-TSONX,0.031,False,Low Risk
2651-ZCBXV,0.1479,False,Low Risk
3316-UWXUY,0.1805,False,Low Risk
8937-RDTHP,0.6483,True,High Risk
7083-MIOPC,0.0062,False,Low Risk
1984-GPTEH,0.05,False,Low Risk
1251-KRREG,0.4948,False,Medium Risk
0621-JFHOL,0.1765,False,Low Risk
9903-LYSAB,0.4998,False,Medium Risk
0094-OIFMO,0.6723,True,High Risk
9227-UAQFT,0.0373,False,Low Risk
7301-ABVAD,0.0212,False,Low Risk
6614-FHDBO,0.0772,False,Low Risk
7576-ASEJU,0.1058,False,Low Risk
9058-HRZSV,0.2066,False,Low Risk
4522-AKYLR,0.3201,False,Medium Risk
0221-WMXNQ,0.4329,False,Medium Risk
0303-UNCIP,0.1082,False,Low Risk
9947-OTFQU,0.5767,True,High Risk
0322-YINQP,0.4743,False,Medium Risk
0959-WHOKV,0.264,False,Low Risk
4075-JFPGR,0.2214,False,Low Risk
4629-NRXKX,0.5912,True,High Risk
9514-JDSKI,0.6951,True,High Risk
3282-ZISZV,0.1361,False,Low Risk
3675-YDUPJ,0.0771,False,Low Risk
4111-BNXIF,0.0669,False,Low Risk
7017-VFHAY,0.0641,False,Low Risk
6655-LHBYW,0.1797,False,Low Risk
4959-JOSRX,0.5251,True,High Risk
5046-NUHWD,0.2755,False,Low Risk
7273-TEFQD,0.6458,True,High Risk
3606-TWKGI,0.6509,True,High Risk
7529-ZDFXI,0.3605,False,Medium Risk
7605-BDWDC,0.0433,False,Low Risk
1950-KSVVJ,0.1792,False,Low Risk
0123-CRBRT,0.0159,False,Low Risk
6292-TOSSS,0.0213,False,Low Risk
3197-ARFOY,0.4521,False,Medium Risk
6323-AYBRX,0.1081,False,Low Risk
7014-ZZXAW,0.0077,False,Low Risk
4385-GZQXV,0.5685,True,High Risk
7633-MVPUY,0.0479,False,Low Risk
6366-ZGQGL,0.5026,True,High Risk
4716-HHKQH,0.454,False,Medium Risk
5940-AHUHD,0.7061,True,Very High Risk
6432-TWQLB,0.7223,True,Very High Risk
4484-GLZOU,0.4228,False,Medium Risk
3179-GBRWV,0.1939,False,Low Risk
8645-KWHJO,0.3808,False,Medium Risk
4130-MZLCC,0.3133,False,Medium Risk
0314-TKOSI,0.2272,False,Low Risk
8229-MYEJZ,0.2834,False,Low Risk
2080-SRCDE,0.1498,False,Low Risk
9577-WJVCQ,0.0887,False,Low Risk
9512-UIBFX,0.4014,False,Medium Risk
6202-DYYFX,0.2191,False,Low Risk
3808-HFKDE,0.3084,False,Medium Risk
5583-SXDAG,0.7866,True,Very High Risk
3488-PGMQJ,0.6163,True,High Risk
3580-REOAC,0.2909,False,Low Risk
7534-BFESC,0.5156,True,High Risk
3727-OWVYD,0.0769,False,Low Risk
2294-SALNE,0.1583,False,Low Risk
4847-TAJYI,0.7135,True,Very High Risk
1563-IWQEX,0.0771,False,Low Risk
8203-XJZRC,0.3088,False,Medium Risk
6556-DBKZF,0.1432,False,Low Risk
6851-WEFYX,0.5305,True,High Risk
2985-JUUBZ,0.2274,False,Low Risk
6390-DSAZX,0.6629,True,High Risk
0895-LMRSF,0.1554,False,Low Risk
8098-LLAZX,0.7972,True,Very High Risk
8266-VBFQL,0.6411,True,High Risk
8181-YHCMF,0.0138,False,Low Risk
2240-HSJQD,0.2894,False,Low Risk
1248-DYXUB,0.0053,False,Low Risk
0265-EDXBD,0.4927,False,Medium Risk
4115-BNPJY,0.0505,False,Low Risk
3167-SNQPL,0.4052,False,Medium Risk
4091-TVOCN,0.0998,False,Low Risk
1098-TDVUQ,0.2676,False,Low Risk
7277-OZCGZ,0.3904,False,Medium Risk
1557-EMYVT,0.1165,False,Low Risk
2799-ARNLO,0.5943,True,High Risk
7563-BIUPC,0.6813,True,High Risk
5027-YOCXN,0.1667,False,Low Risk
3973-SKMLN,0.0074,False,Low Risk
2321-OMBXY,0.1519,False,Low Risk
2840-XANRC,0.5094,True,High Risk
6745-JEFZB,0.2818,False,Low Risk
5020-ZSTTY,0.1626,False,Low Risk
9880-TDQAC,0.0714,False,Low Risk
8705-WZCYL,0.5862,True,High Risk
7102-JJVTX,0.1317,False,Low Risk
8626-PTQGE,0.0203,False,Low Risk
4983-CLMLV,0.2841,False,Low Risk
5701-YVSVF,0.5791,True,High Risk
5804-LEPIM,0.6595,True,High Risk
5697-GOMBF,0.303,False,Medium Risk
2739-CACDQ,0.4007,False,Medium Risk
9385-EHGDO,0.0213,False,Low Risk
9498-FIMXL,0.0561,False,Low Risk
2379-GYFLQ,0.1973,False,Low Risk
0122-OAHPZ,0.6806,True,High Risk
2868-SNELZ,0.6989,True,High Risk
4322-RCYMT,0.1389,False,Low Risk
6680-NENYN,0.3503,False,Medium Risk
2088-IEBAU,0.0468,False,Low Risk
7982-VCELR,0.3388,False,Medium Risk
1343-EHPYB,0.3989,False,Medium Risk
6035-BXTTY,0.1498,False,Low Risk
6885-PKOAM,0.0114,False,Low Risk
7520-HQWJU,0.0951,False,Low Risk
9639-BUJXT,0.0269,False,Low Risk
5924-SNGKP,0.0139,False,Low Risk
0021-IKXGC,0.7873,True,Very High Risk
2034-GDRCN,0.7455,True,Very High Risk
8966-SNIZF,0.0098,False,Low Risk
6243-OZGFH,0.3169,False,Medium Risk
4654-DLAMQ,0.1345,False,Low Risk
0513-RBGPE,0.0396,False,Low Risk
5160-UXJED,0.1434,False,Low Risk
4115-NZRKS,0.7041,True,Very High Risk
0219-YTZUE,0.7184,True,Very High Risk
0623-IIHUG,0.4585,False,Medium Risk
4572-DVCGN,0.5938,True,High Risk
3351-NGXYI,0.3594,False,Medium Risk
8984-EYLLL,0.1484,False,Low Risk
9057-MSWCO,0.3103,False,Medium Risk
9833-TGFHX,0.231,False,Low Risk
9294-TDIPC,0.0637,False,Low Risk
5229-DTFYB,0.1137,False,Low Risk
0104-PPXDV,0.0845,False,Low Risk
5176-LMJXE,0.0087,False,Low Risk
3583-KRKMD,0.3096,False,Medium Risk
1010-DIAUQ,0.6794,True,High Risk
9069-LGEUL,0.1374,False,Low Risk
7302-ZHMHP,0.2521,False,Low Risk
9571-EDEBV,0.196,False,Low Risk
3520-FJGCV,0.0278,False,Low Risk
6563-VRERX,0.0151,False,Low Risk
0259-GBZSH,0.7684,True,Very High Risk
6122-EFVKN,0.0535,False,Low Risk
2805-EDJPQ,0.1481,False,Low Risk
6862-CQUMB,0.336,False,Medium Risk
7156-MXBJE,0.1129,False,Low Risk
6158-HDPXZ,0.4921,False,Medium Risk
9601-BRXPO,0.4449,False,Medium Risk
2863-IMQDR,0.0336,False,Low Risk
5686-CMAWK,0.2671,False,Low Risk
5651-CRHKQ,0.1622,False,Low Risk
6905-NIQIN,0.4628,False,Medium Risk
8204-YJCLA,0.0179,False,Low Risk
5167-ZFFMM,0.7514,True,Very High Risk
6583-SZVGP,0.2372,False,Low Risk
4895-TMWIR,0.179,False,Low Risk
0533-BNWKF,0.3838,False,Medium Risk
1708-PBBOA,0.0978,False,Low Risk
8782-LKFPK,0.3196,False,Medium Risk
5522-JBWMO,0.5194,True,High Risk
3597-MVHJT,0.4441,False,Medium Risk
9774-NRNAU,0.1721,False,Low Risk
0224-RLWWD,0.5714,True,High Risk
9967-ATRFS,0.0606,False,Low Risk
3951-NJCVI,0.4899,False,Medium Risk
2977-CEBSX,0.0235,False,Low Risk
0177-PXBAT,0.3134,False,Medium Risk
6599-CEBNN,0.3657,False,Medium Risk
2519-ERQOJ,0.2206,False,Low Risk
5876-QMYLD,0.019,False,Low Risk
2277-AXSDC,0.0304,False,Low Risk
9442-JTWDL,0.0662,False,Low Risk
0979-PHULV,0.272,False,Low Risk
3067-SVMTC,0.0396,False,Low Risk
5495-GPSRW,0.0254,False,Low Risk
7606-BPHHN,0.0088,False,Low Risk
4742-DRORA,0.1496,False,Low Risk
0111-KLBQG,0.3627,False,Medium Risk
4800-VHZKI,0.4676,False,Medium Risk
7989-CHGTL,0.412,False,Medium Risk
0334-GDDSO,0.7292,True,Very High Risk
4163-NCJAK,0.0189,False,Low Risk
5233-AOZUF,0.4619,False,Medium Risk
5973-EJGDP,0.3326,False,Medium Risk
1996-DBMUS,0.2917,False,Low Risk
7916-VCCPB,0.3516,False,Medium Risk
4686-GEFRM,0.095,False,Low Risk
5249-QYHEX,0.0307,False,Low Risk
0578-SKVMF,0.4637,False,Medium Risk
5564-NEMQO,0.7443,True,Very High Risk
2233-FAGXV,0.1109,False,Low Risk
5605-IYGFG,0.5637,True,High Risk
7663-ZTEGJ,0.1864,False,Low Risk
3935-TBRZZ,0.0151,False,Low Risk
8111-BKVDS,0.1973,False,Low Risk
2055-SIFSS,0.1429,False,Low Risk
2806-MLNTI,0.2649,False,Low Risk
8734-DKSTZ,0.5983,True,High Risk
4360-PNRQB,0.3859,False,Medium Risk
6152-ONASV,0.0424,False,Low Risk
9063-ZGTUY,0.1636,False,Low Risk
7781-HVGMK,0.018,False,Low Risk
2181-UAESM,0.4061,False,Medium Risk
2957-LOLHO,0.2688,False,Low Risk
6048-NJXHX,0.0203,False,Low Risk
2320-SLKMB,0.1629,False,Low Risk
4980-URKXC,0.0278,False,Low Risk
4376-KFVRS,0.0278,False,Low Risk
5886-VLQVU,0.2944,False,Low Risk
3577-AMVUX,0.3836,False,Medium Risk
0771-WLCLA,0.4762,False,Medium Risk
5628-RKIFK,0.2763,False,Low Risk
0206-TBWLC,0.1866,False,Low Risk
2937-FTHUR,0.2377,False,Low Risk
1910-FMXJM,0.3863,False,Medium Risk
7752-XUSCI,0.3886,False,Medium Risk
4110-PFEUZ,0.7534,True,Very High Risk
0732-OCQOC,0.016,False,Low Risk
5168-MSWXT,0.6401,True,High Risk
1090-ESELR,0.0444,False,Low Risk
8592-PLTMQ,0.0295,False,Low Risk
5760-WRAHC,0.1714,False,Low Risk
8847-GEOOQ,0.1016,False,Low Risk
0256-LTHVJ,0.4493,False,Medium Risk
4785-FCIFB,0.0072,False,Low Risk
8313-NDOIA,0.5705,True,High Risk
5149-CUZUJ,0.1516,False,Low Risk
0942-KOWSM,0.0441,False,Low Risk
4237-CLSMM,0.119,False,Low Risk
1452-VOQCH,0.8199,True,Very High Risk
4719-UMSIY,0.0504,False,Low Risk
6614-VBEGU,0.1761,False,Low Risk
0880-TKATG,0.7054,True,Very High Risk
3811-VBYBZ,0.7677,True,Very High Risk
1480-BKXGA,0.0395,False,Low Risk
2996-XAUVF,0.0549,False,Low Risk
9076-AXYIK,0.1438,False,Low Risk
5968-XQIVE,0.2191,False,Low Risk
8896-RAZCR,0.01,False,Low Risk
4640-UHDOS,0.303,False,Medium Risk
4933-IKULF,0.0357,False,Low Risk
3583-EKAPL,0.595,True,High Risk
1304-BCCFO,0.3134,False,Medium Risk
4104-PVRPS,0.0936,False,Low Risk
9399-APLBT,0.772,True,Very High Risk
2359-KMGLI,0.5409,True,High Risk
3780-DDGSE,0.1814,False,Low Risk
4431-EDMIQ,0.25,False,Low Risk
0306-JAELE,0.6804,True,High Risk
6227-HWPWX,0.3787,False,Medium Risk
0486-LGCCH,0.0153,False,Low Risk
0447-BEMNG,0.128,False,Low Risk
4612-SSVHJ,0.485,False,Medium Risk
5168-MQQCA,0.1826,False,Low Risk
5949-XIKAE,0.632,True,High Risk
7971-HLVXI,0.0958,False,Low Risk
9094-AZPHK,0.6367,True,High Risk
3649-JPUGY,0.0283,False,Low Risk
4472-LVYGI,0.166,False,Low Risk
8372-JUXUI,0.8148,True,Very High Risk
3552-CTCYF,0.1525,False,Low Risk
6778-YSNIH,0.4449,False,Medium Risk
0388-EOPEX,0.5769,True,High Risk
5756-OZRIO,0.0996,False,Low Risk
6579-JPICP,0.2897,False,Low Risk
8205-OTCHB,0.2708,False,Low Risk
4134-BSXLX,0.0754,False,Low Risk
0505-SPOOW,0.0055,False,Low Risk
6235-VDHOM,0.4922,False,Medium Risk
7783-YKGDV,0.6001,True,High Risk
4374-YMUSQ,0.1912,False,Low Risk
4513-CXYIX,0.0663,False,Low Risk
3957-HHLMR,0.0547,False,Low Risk
7803-XOCCZ,0.1471,False,Low Risk
5736-YEJAX,0.0264,False,Low Risk
5609-CEBID,0.5711,True,High Risk
8981-FJGLA,0.4684,False,Medium Risk
7218-HKQFK,0.6847,True,High Risk
4636-QRJKY,0.681,True,High Risk
1135-LMECX,0.3329,False,Medium Risk
4332-MUOEZ,0.257,False,Low Risk
8535-SFUTN,0.2942,False,Low Risk
5956-VKDTT,0.7053,True,Very High Risk
8677-HDZEE,0.2566,False,Low Risk
2475-MROZF,0.2145,False,Low Risk
9412-GHEEC,0.3416,False,Medium Risk
3482-ABPKK,0.0531,False,Low Risk
6705-LXORM,0.5718,True,High Risk
0257-ZESQC,0.344,False,Medium Risk
7531-GQHME,0.0892,False,Low Risk
5174-ITUMV,0.2679,False,Low Risk
4109-CYRBD,0.2276,False,Low Risk
0913-XWSCN,0.2549,False,Low Risk
6825-UYPFK,0.3245,False,Medium Risk
8397-MVTAZ,0.5077,True,High Risk
0750-EBAIU,0.2189,False,Low Risk
8606-CIQUL,0.033,False,Low Risk
3571-DPYUH,0.1431,False,Low Risk
7601-GNDYK,0.0068,False,Low Risk
0356-OBMAC,0.0978,False,Low Risk
8067-NIOYM,0.0122,False,Low Risk
1403-GYAFU,0.0018,False,Low Risk
4234-XTNEA,0.6991,True,High Risk
1297-VQDRP,0.1969,False,Low Risk
9282-IZGQK,0.8419,True,Very High Risk
5348-CAGXB,0.6547,True,High Risk
0621-HJWXJ,0.2382,False,Low Risk
5844-QVTAT,0.0748,False,Low Risk
8905-IAZPF,0.1851,False,Low Risk
5394-MEITZ,0.027,False,Low Risk
6859-QNXIQ,0.0319,False,Low Risk
2782-LFZVW,0.2755,False,Low Risk
2866-IKBTM,0.3042,False,Medium Risk
1342-JPNKI,0.6618,True,High Risk
2817-NTQDO,0.255,False,Low Risk
7129-AZJDE,0.2371,False,Low Risk
6986-IJDHX,0.2926,False,Low Risk
2560-PPCHE,0.2066,False,Low Risk
4676-MQUEA,0.1826,False,Low Risk
8138-EALND,0.0918,False,Low Risk
3580-HYCSP,0.0613,False,Low Risk
1352-HNSAW,0.0322,False,Low Risk
2075-PUEPR,0.0237,False,Low Risk
1982-FEBTD,0.0416,False,Low Risk
5301-GAUUY,0.3457,False,Medium Risk
5791-KAJFD,0.0679,False,Low Risk
2654-VBVPB,0.2788,False,Low Risk
1154-HYWWO,0.0766,False,Low Risk
2501-XWWTZ,0.4872,False,Medium Risk
3716-UVSPD,0.4893,False,Medium Risk
6815-ABQFQ,0.2988,False,Low Risk
7343-EOBEU,0.1178,False,Low Risk
3701-SFMUH,0.193,False,Low Risk
6103-LIANB,0.1151,False,Low Risk
7319-VENRZ,0.2044,False,Low Risk
5846-NEQVZ,0.0272,False,Low Risk
6967-QIQRV,0.3304,False,Medium Risk
5781-RFZRP,0.0256,False,Low Risk
0939-YAPAF,0.5009,True,High Risk
0308-IVGOK,0.1935,False,Low Risk
7293-LSCDV,0.0147,False,Low Risk
7025-WCBNE,0.0565,False,Low Risk
5756-JYOJT,0.1488,False,Low Risk
4710-FDUIZ,0.2253,False,Low Risk
6030-REHUX,0.4359,False,Medium Risk
9548-LIGTA,0.0234,False,Low Risk
5150-LJNSR,0.1706,False,Low Risk
8270-RKSAP,0.581,True,High Risk
6522-YRBXD,0.346,False,Medium Risk
2640-LYMOV,0.1099,False,Low Risk
1218-VKFPE,0.0635,False,Low Risk
3627-FHKBK,0.5734,True,High Risk
2865-TCHJW,0.762,True,Very High Risk
1423-BMPBQ,0.3329,False,Medium Risk
2393-DIVAI,0.1144,False,Low Risk
5192-EBGOV,0.8389,True,Very High Risk
4568-KNYWR,0.0454,False,Low Risk
8752-IMQOS,0.0483,False,Low Risk
0742-LAFQK,0.0908,False,Low Risk
0795-LAFGP,0.0259,False,Low Risk
0619-OLYUR,0.0938,False,Low Risk
5512-IDZEI,0.0266,False,Low Risk
0459-SPZHJ,0.0359,False,Low Risk
0215-BQKGS,0.2688,False,Low Risk
9244-ZVAPM,0.487,False,Medium Risk
0719-SYFRB,0.1927,False,Low Risk
8208-EUMTE,0.0691,False,Low Risk
5172-MIGPM,0.2769,False,Low Risk
1710-RCXUS,0.1992,False,Low Risk
0374-FIUCA,0.0103,False,Low Risk
5839-SUYVZ,0.3558,False,Medium Risk
5173-ZXXXL,0.0477,False,Low Risk
1096-ADRUX,0.1592,False,Low Risk
2001-MCUUW,0.2312,False,Low Risk
2731-GJRDG,0.2491,False,Low Risk
4723-BEGSG,0.0189,False,Low Risk
6516-NKQBO,0.0475,False,Low Risk
8672-OAUPW,0.0846,False,Low Risk
8207-DMRVL,0.0303,False,Low Risk
3419-SNJJD,0.2691,False,Low Risk
6543-CPZMK,0.3757,False,Medium Risk
4765-OXPPD,0.2035,False,Low Risk
2804-ETQDK,0.0113,False,Low Risk
6689-VRRTK,0.2321,False,Low Risk
7138-GIRSH,0.028,False,Low Risk
9396-ZSFLL,0.2446,False,Low Risk
6464-KEXXH,0.3246,False,Medium Risk
7134-MJPDY,0.2498,False,Low Risk
5240-CAOYT,0.1475,False,Low Risk
4059-IIEBK,0.621,True,High Risk
4881-JVQOD,0.3056,False,Medium Risk
0516-UXRMT,0.1882,False,Low Risk
4851-BQDNX,0.3237,False,Medium Risk
5148-HKFIR,0.0178,False,Low Risk
1009-IRMNA,0.1535,False,Low Risk
3003-CMDUU,0.4429,False,Medium Risk
5016-IBERQ,0.4471,False,Medium Risk
6797-UCJHZ,0.1795,False,Low Risk
2469-DTSGX,0.0861,False,Low Risk
4554-YGZIH,0.319,False,Medium Risk
5099-BAILX,0.3361,False,Medium Risk
9931-KGHOA,0.0998,False,Low Risk
1775-KWJKQ,0.0108,False,Low Risk
7665-VIGUD,0.0433,False,Low Risk
9411-TPQQV,0.074,False,Low Risk
7207-RMRDB,0.3555,False,Medium Risk
7954-MLBUN,0.1172,False,Low Risk
2077-DDHJK,0.0269,False,Low Risk
4913-EHYUI,0.2695,False,Low Risk
0195-IESCP,0.7175,True,Very High Risk
9574-BOSMD,0.0033,False,Low Risk
4580-TMHJU,0.2238,False,Low Risk
0970-ETWGE,0.789,True,Very High Risk
4908-XAXAY,0.2049,False,Low Risk
8404-VLQFB,0.0934,False,Low Risk
1626-ERCMM,0.5923,True,High Risk
0887-HJGAR,0.5288,True,High Risk
2391-IPLOP,0.119,False,Low Risk
5644-PDMZC,0.6986,True,High Risk
3509-GWQGF,0.32,False,Medium Risk
9576-ANLXO,0.583,True,High Risk
2024-BASKD,0.742,True,Very High Risk
5845-BZZIB,0.0114,False,Low Risk
1140-UKVZG,0.0786,False,Low Risk
4160-AMJTL,0.1493,False,Low Risk
5183-SNMJQ,0.5573,True,High Risk
8100-PNJMH,0.0167,False,Low Risk
7838-LAZFO,0.0887,False,Low Risk
4464-JCOLN,0.0612,False,Low Risk
2085-JVGAD,0.0466,False,Low Risk
5650-VDUDS,0.4711,False,Medium Risk
8095-WANWK,0.2455,False,Low Risk
3030-ZKIWL,0.3719,False,Medium Risk
9565-FLVCG,0.0231,False,Low Risk
8755-OGKNA,0.0113,False,Low Risk
2800-VEQXM,0.6135,True,High Risk
7538-GWHML,0.6188,True,High Risk
5533-RJFTJ,0.1973,False,Low Risk
3859-CVCET,0.3919,False,Medium Risk
0214-JHPFW,0.02,False,Low Risk
5642-MHDQT,0.0356,False,Low Risk
3088-FVYWK,0.0191,False,Low Risk
3276-HDUEG,0.783,True,Very High Risk
9092-GDZKO,0.0668,False,Low Risk
0823-HSCDJ,0.3308,False,Medium Risk
3729-OWRVL,0.2317,False,Low Risk
2324-AALNO,0.0256,False,Low Risk
0822-GAVAP,0.6486,True,High Risk
5760-IFJOZ,0.6083,True,High Risk
2826-UWHIS,0.2605,False,Low Risk
1448-PWKYE,0.7661,True,Very High Risk
7501-IWUNG,0.0301,False,Low Risk
4957-TREIR,0.2519,False,Low Risk
7251-LJBQN,0.2831,False,Low Risk
8040-MNRTF,0.7196,True,Very High Risk
1536-HBSWP,0.4871,False,Medium Risk
5313-FPXWG,0.0264,False,Low Risk
0067-DKWBL,0.6052,True,High Risk
0946-FKYTX,0.1487,False,Low Risk
5076-YVXCM,0.2897,False,Low Risk
8262-COGGB,0.2953,False,Low Risk
6663-JOCQO,0.1034,False,Low Risk
9620-QJREV,0.0103,False,Low Risk
2276-YDAVZ,0.6675,True,High Risk
2682-KEVRP,0.0174,False,Low Risk
2480-JZOSN,0.408,False,Medium Risk
0078-XZMHT,0.0267,False,Low Risk
5896-NPFWW,0.5346,True,High Risk
9978-HYCIN,0.2057,False,Low Risk
8338-QIUNR,0.0306,False,Low Risk
1525-LNLOJ,0.0567,False,Low Risk
9450-TRJUU,0.4477,False,Medium Risk
1766-GKNMI,0.5204,True,High Risk
6942-LBFDP,0.1094,False,Low Risk
1456-TWCGB,0.3267,False,Medium Risk
7133-VBDCG,0.3211,False,Medium Risk
7596-ZYWBB,0.02,False,Low Risk
8329-UTMVM,0.2593,False,Low Risk
3014-WJKSM,0.2993,False,Low Risk
3347-YJZZE,0.148,False,Low Risk
1029-QFBEN,0.3122,False,Medium Risk
7929-DMBCV,0.3004,False,Medium Risk
9661-JALZV,0.013,False,Low Risk
5433-KYGHE,0.4049,False,Medium Risk
4312-KFRXN,0.0062,False,Low Risk
5575-TPIZQ,0.2674,False,Low Risk
0114-IGABW,0.0219,False,Low Risk
9944-AEXBM,0.3933,False,Medium Risk
1853-ARAAQ,0.2082,False,Low Risk
6952-OMNWB,0.2391,False,Low Risk
4697-LUPSU,0.0489,False,Low Risk
8434-VGEQQ,0.0046,False,Low Risk
4952-YSOGZ,0.7347,True,Very High Risk
1589-AGTLK,0.5471,True,High Risk
5244-IRFIH,0.532,True,High Risk
6549-YMFAW,0.1325,False,Low Risk
4950-HKQTE,0.0425,False,Low Risk
6786-OBWQR,0.6362,True,High Risk
2684-EIWEO,0.3075,False,Medium Risk
2753-JMMCV,0.0382,False,Low Risk
6439-GTPCA,0.3909,False,Medium Risk
6621-YOBKI,0.1052,False,Low Risk
1216-JWVUX,0.443,False,Medium Risk
7564-GHCVB,0.0536,False,Low Risk
1173-NOEYG,0.3388,False,Medium Risk
7595-EHCDL,0.1555,False,Low Risk
6647-ZEDXT,0.2219,False,Low Risk
2521-NPUZR,0.0487,False,Low Risk
1307-TVUFB,0.3214,False,Medium Risk
7503-MIOGA,0.0195,False,Low Risk
4381-MHQDC,0.0302,False,Low Risk
6923-JHPMP,0.5533,True,High Risk
5138-WVKYJ,0.6549,True,High Risk
4018-PPNDW,0.015,False,Low Risk
1635-FJFCC,0.3811,False,Medium Risk
2499-AJYUA,0.0604,False,Low Risk
6919-ELBGL,0.0351,False,Low Risk
3966-HRMZA,0.5872,True,High Risk
6425-JWTDV,0.0115,False,Low Risk
8405-IGQFX,0.1444,False,Low Risk
8224-IVVPA,0.1263,False,Low Risk
9477-LGWQI,0.0283,False,Low Risk
1410-RSCMR,0.1943,False,Low Risk
3115-CZMZD,0.1156,False,Low Risk
0139-IVFJG,0.4534,False,Medium Risk
6683-VLCTZ,0.6154,True,High Risk
5730-DBDSI,0.0279,False,Low Risk
0030-FNXPP,0.1287,False,Low Risk
2189-WWOEW,0.5014,True,High Risk
5684-FJVYR,0.042,False,Low Risk
4013-GUXND,0.3538,False,Medium Risk
1894-IGFSG,0.4828,False,Medium Risk
7379-POKDZ,0.6288,True,High Risk
1266-NZYUI,0.0263,False,Low Risk
7969-FFOWG,0.0037,False,Low Risk
4718-DHSMV,0.2869,False,Low Risk
5175-WLYXL,0.3585,False,Medium Risk
7817-OMJNA,0.051,False,Low Risk
8728-SKJLR,0.3598,False,Medium Risk
3137-NYQQI,0.1227,False,Low Risk
7706-DZNKK,0.0769,False,Low Risk
0236-HFWSV,0.6375,True,High Risk
3900-AQPHZ,0.3637,False,Medium Risk
5842-POCOP,0.6244,True,High Risk
2037-XJFUP,0.3804,False,Medium Risk
8823-RLPWL,0.0476,False,Low Risk
9505-SQFSW,0.3473,False,Medium Risk
7314-OXENN,0.7253,True,Very High Risk
3758-CKOQL,0.1609,False,Low Risk
0322-CHQRU,0.5315,True,High Risk
5676-CFLYY,0.0343,False,Low Risk
7521-AFHAB,0.3131,False,Medium Risk
0285-INHLN,0.1291,False,Low Risk
4678-DVQEO,0.4879,False,Medium Risk
5125-CNDSP,0.0507,False,Low Risk
0691-IFBQW,0.3035,False,Medium Risk
4992-LTJNE,0.0247,False,Low Risk
2202-OUTMO,0.0888,False,Low Risk
0810-BDHAW,0.1319,False,Low Risk
0229-LFJAF,0.0164,False,Low Risk
7131-ZQZNK,0.0131,False,Low Risk
3442-ZHHCC,0.1232,False,Low Risk
5726-CVNYA,0.0441,False,Low Risk
9871-ELEYA,0.0398,False,Low Risk
4257-GAESD,0.3006,False,Medium Risk
5173-WXOQV,0.301,False,Medium Risk
2040-OBMLJ,0.1787,False,Low Risk
6286-ZHAOK,0.0494,False,Low Risk
3807-XHCJH,0.3537,False,Medium Risk
3009-JWMPU,0.3588,False,Medium Risk
5671-RQRLP,0.1104,False,Low Risk
1450-GALXR,0.7123,True,Very High Risk
8859-AXJZP,0.0176,False,Low Risk
3174-AKMAS,0.0517,False,Low Risk
3138-BKYAV,0.6866,True,High Risk
9926-PJHDQ,0.0644,False,Low Risk
7382-DFJTU,0.1864,False,Low Risk
2798-NYLMZ,0.1513,False,Low Risk
4289-DTDKW,0.4971,False,Medium Risk
1820-TQVEV,0.8164,True,Very High Risk
2239-JALAW,0.2688,False,Low Risk
4853-RULSV,0.2352,False,Low Risk
8098-TDCBU,0.0106,False,Low Risk
3551-GAEGL,0.1127,False,Low Risk
4785-NKHCX,0.1389,False,Low Risk
3196-NVXLZ,0.3831,False,Medium Risk
6275-YDUVO,0.7089,True,Very High Risk
0036-IHMOT,0.1888,False,Low Risk
0115-TFERT,0.5203,True,High Risk
4178-EGMON,0.0537,False,Low Risk
4220-TINQT,0.3258,False,Medium Risk
5318-YKDPV,0.0362,False,Low Risk
7975-TZMLR,0.3141,False,Medium Risk
0295-QVKPB,0.2566,False,Low Risk
4335-BSMJS,0.0105,False,Low Risk
2311-QYMUQ,0.4452,False,Medium Risk
3643-AHCFP,0.7595,True,Very High Risk
9146-JRIOX,0.0799,False,Low Risk
3104-OWCGK,0.2872,False,Low Risk
5337-IIWKZ,0.1621,False,Low Risk
9101-BWFSS,0.2944,False,Low Risk
9650-VBUOG,0.0095,False,Low Risk
3487-EARAT,0.0906,False,Low Risk
2672-TGEFF,0.3928,False,Medium Risk
9231-ZJYAM,0.6879,True,High Risk
4250-WAROZ,0.2067,False,Low Risk
8184-WMOFI,0.0672,False,Low Risk
6982-SSHFK,0.4834,False,Medium Risk
6092-QZVPP,0.1121,False,Low Risk
4625-LAMOB,0.0067,False,Low Risk
0727-BMPLR,0.3618,False,Medium Risk
0392-BZIUW,0.0941,False,Low Risk
1038-ZAGBI,0.1411,False,Low Risk
6549-NNDYT,0.2395,False,Low Risk
3027-ZTDHO,0.8028,True,Very High Risk
0422-OHQHQ,0.0453,False,Low Risk
6916-HIJSE,0.0224,False,Low Risk
2316-ESMLS,0.1055,False,Low Risk
9778-OGKQZ,0.0135,False,Low Risk
7408-OFWXJ,0.0099,False,Low Risk
6007-TCTST,0.0322,False,Low Risk
2252-NKNSI,0.0274,False,Low Risk
8713-IGZSO,0.11,False,Low Risk
7905-TVXTA,0.3126,False,Medium Risk
7695-PKLCZ,0.0063,False,Low Risk
2382-BCKQJ,0.3425,False,Medium Risk
8374-UULRV,0.0201,False,Low Risk
2207-NHRJK,0.5218,True,High Risk
3224-DFQNQ,0.134,False,Low Risk
5275-PMFUT,0.0088,False,Low Risk
4795-UXVCJ,0.0118,False,Low Risk
9777-IQHWP,0.0942,False,Low Risk
0947-MUGVO,0.5194,True,High Risk
9944-HKVVB,0.7157,True,Very High Risk
4124-MMETB,0.4588,False,Medium Risk
3671-SHRSP,0.6659,True,High Risk
0979-MOZQI,0.0565,False,Low Risk
2732-ISEZX,0.0963,False,Low Risk
3313-QKNKB,0.249,False,Low Risk
0323-XWWTN,0.0623,False,Low Risk
1937-OTUKY,0.0665,False,Low Risk
1573-LGXBA,0.1848,False,Low Risk
1764-VUUMT,0.0105,False,Low Risk
5073-WXOYN,0.2949,False,Low Risk
4713-ZBURT,0.1429,False,Low Risk
3050-GBUSH,0.4334,False,Medium Risk
0207-MDKNV,0.5521,True,High Risk
7876-AEHIG,0.059,False,Low Risk
7945-HLKEA,0.0686,False,Low Risk
9342-VNIMQ,0.1605,False,Low Risk
9851-KIELU,0.5684,True,High Risk
3523-BRGUW,0.0137,False,Low Risk
3908-BLSYF,0.631,True,High Risk
3199-NPKCN,0.2016,False,Low Risk
5170-PTRKA,0.048,False,Low Risk
4661-NJEUX,0.4318,False,Medium Risk
2123-AGEEN,0.6682,True,High Risk
1258-YMZNM,0.2621,False,Low Risk
0048-LUMLS,0.2308,False,Low Risk
7549-MYGPK,0.2922,False,Low Risk
5898-IGSLP,0.2538,False,Low Risk
3804-RVTGV,0.343,False,Medium Risk
6259-WJQLC,0.3538,False,Medium Risk
9227-LUNBG,0.543,True,High Risk
7997-EASSD,0.1529,False,Low Risk
0730-KOAVE,0.3184,False,Medium Risk
8975-SKGRX,0.0593,False,Low Risk
0678-RLHVP,0.2273,False,Low Risk
4315-MURBD,0.6521,True,High Risk
2267-FPIMA,0.2303,False,Low Risk
1051-GEJLJ,0.2393,False,Low Risk
9734-YWGEX,0.6768,True,High Risk
2719-BDAQO,0.5286,True,High Risk
5285-MVEHD,0.2278,False,Low Risk
0379-DJQHR,0.0297,False,Low Risk
0781-LKXBR,0.7756,True,Very High Risk
5543-QDCRY,0.4203,False,Medium Risk
0297-RBCSG,0.1875,False,Low Risk
4694-PHWFW,0.0737,False,Low Risk
0835-JKADZ,0.1108,False,Low Risk
1907-UBQFC,0.598,True,High Risk
7508-SMHXL,0.4332,False,Medium Risk
3865-YIOTT,0.1838,False,Low Risk
5993-BQHEA,0.0435,False,Low Risk
6024-RUGGH,0.0081,False,Low Risk
6513-EECDB,0.8224,True,Very High Risk
3956-CJUST,0.3235,False,Medium Risk
4079-WWQQQ,0.0134,False,Low Risk
6103-BOCOU,0.4821,False,Medium Risk
5149-TGWDZ,0.3077,False,Medium Risk
7471-WNSUF,0.0333,False,Low Risk
8942-DBMHZ,0.0693,False,Low Risk
4301-VVZKA,0.5777,True,High Risk
9199-PWQVC,0.0972,False,Low Risk
4824-GUCBY,0.3277,False,Medium Risk
5393-HJZSM,0.0983,False,Low Risk
7074-IEVOJ,0.7227,True,Very High Risk
9625-QSTYE,0.5882,True,High Risk
0862-PRCBS,0.0774,False,Low Risk
8812-ZRHFP,0.2927,False,Low Risk
5146-CBVOE,0.3423,False,Medium Risk
0454-OKRCT,0.1031,False,Low Risk
5787-KXGIY,0.0146,False,Low Risk
4750-ZRXIU,0.755,True,Very High Risk
4198-VFOEA,0.1248,False,Low Risk
6630-UJZMY,0.7436,True,Very High Risk
5709-LVOEQ,0.2401,False,Low Risk
6400-BWQKW,0.5886,True,High Risk
2692-AQCPF,0.1776,False,Low Risk
0347-UBKUZ,0.0828,False,Low Risk
0835-DUUIQ,0.0305,False,Low Risk
0811-GSDTP,0.275,False,Low Risk
7567-ECMCM,0.3574,False,Medium Risk
6115-ZTBFQ,0.0121,False,Low Risk
6353-BRMMA,0.241,False,Low Risk
6680-WKXRZ,0.6291,True,High Risk
6231-WFGFH,0.0815,False,Low Risk
9904-EHEVJ,0.3542,False,Medium Risk
7028-DVOIQ,0.5377,True,High Risk
6169-PPETC,0.0046,False,Low Risk
4208-UFFGW,0.5342,True,High Risk
8584-KMVXD,0.52,True,High Risk
8467-WYNSR,0.1285,False,Low Risk
0851-DFJKB,0.2421,False,Low Risk
5382-SOYZL,0.5848,True,High Risk
9448-REEVD,0.5166,True,High Risk
3261-CQXOL,0.003,False,Low Risk
8388-FYNPZ,0.3139,False,Medium Risk
4002-BQWPQ,0.1312,False,Low Risk
5651-YLPRD,0.4006,False,Medium Risk
2826-DXLQO,0.2614,False,Low Risk
4378-BZYFP,0.0321,False,Low Risk
9489-UTFKA,0.2151,False,Low Risk
4849-PYRLQ,0.0381,False,Low Risk
9117-SHLZX,0.5288,True,High Risk
9889-TMAHG,0.6483,True,High Risk
4541-RMRLG,0.0985,False,Low Risk
7764-BDPEE,0.0766,False,Low Risk
3429-IFLEM,0.0238,False,Low Risk
3158-MOERK,0.8074,True,Very High Risk
7294-TMAOP,0.8119,True,Very High Risk
5002-GCQFH,0.2517,False,Low Risk
0556-FJEGU,0.0239,False,Low Risk
8919-FYFQZ,0.3403,False,Medium Risk
0604-THJFP,0.0293,False,Low Risk
2834-JRTUA,0.2431,False,Low Risk
5875-YPQFJ,0.8223,True,Very High Risk
5879-SESNB,0.5213,True,High Risk
6646-QVXLR,0.3049,False,Medium Risk
6461-PPAXN,0.0594,False,Low Risk
3318-ISQFQ,0.0665,False,Low Risk
1106-HRLKZ,0.0062,False,Low Risk
2483-XSSMZ,0.1169,False,Low Risk
8603-IJWDN,0.8382,True,Very High Risk
8165-ZJRNM,0.0044,False,Low Risk
9369-XFEHK,0.3612,False,Medium Risk
2604-XVDAM,0.2268,False,Low Risk
3717-OFRTN,0.2647,False,Low Risk
9046-JBFWA,0.0331,False,Low Risk
3280-NMUVX,0.0104,False,Low Risk
1206-EHBDD,0.0718,False,Low Risk
8361-LBRDI,0.0154,False,Low Risk
4883-KCPZJ,0.0278,False,Low Risk
9108-EQPNQ,0.0619,False,Low Risk
7277-KAMWT,0.0319,False,Low Risk
3842-IYKUE,0.2956,False,Low Risk
6641-XRPSU,0.3492,False,Medium Risk
1374-DMZUI,0.7972,True,Very High Risk
2545-LXYVJ,0.005,False,Low Risk
3234-VKACU,0.3992,False,Medium Risk
8357-EQXFO,0.7182,True,Very High Risk
1989-PRJHP,0.4873,False,Medium Risk
8120-JDCAM,0.5525,True,High Risk
8917-FAEMR,0.0097,False,Low Risk
7047-YXDMZ,0.0488,False,Low Risk
2858-EIMXH,0.2607,False,Low Risk
9524-EGPJC,0.5241,True,High Risk
6993-OHLXR,0.6238,True,High Risk
8818-XYFCQ,0.3797,False,Medium Risk
6419-ZTTLE,0.0271,False,Low Risk
0929-HYQEW,0.3792,False,Medium Risk
6614-YOLAC,0.008,False,Low Risk
7426-RHZGU,0.5977,True,High Risk
4065-JJAVA,0.4864,False,Medium Risk
4695-VADHF,0.2597,False,Low Risk
3863-IUBJR,0.2202,False,Low Risk
7649-SIJJF,0.015,False,Low Risk
9361-YNQWJ,0.0277,False,Low Risk
3748-FVMZZ,0.4753,False,Medium Risk
9391-TTOYH,0.0515,False,Low Risk
1452-XRSJV,0.0987,False,Low Risk
3422-WJOYD,0.0521,False,Low Risk
8242-SOQUO,0.6697,True,High Risk
7460-ITWWP,0.3902,False,Medium Risk
7147-AYBAA,0.3171,False,Medium Risk
7868-TMWMZ,0.0937,False,Low Risk
4822-RVYBB,0.793,True,Very High Risk
6732-FZUGP,0.1439,False,Low Risk
8436-BJUMM,0.5218,True,High Risk
4184-TJFAN,0.6556,True,High Risk
8329-GWVPJ,0.267,False,Low Risk
1352-VHKAJ,0.1075,False,Low Risk
4145-UQXUQ,0.7118,True,Very High Risk
2632-TACXW,0.0044,False,Low Risk
8146-QQKZH,0.0168,False,Low Risk
1767-CJKBA,0.0074,False,Low Risk
6445-TNRXS,0.0716,False,Low Risk
4581-LNWUM,0.4142,False,Medium Risk
4869-EPIUS,0.2474,False,Low Risk
9948-YPTDG,0.3706,False,Medium Risk
1236-WFCDV,0.4952,False,Medium Risk
1915-OAKWD,0.0713,False,Low Risk
7296-PIXQY,0.4589,False,Medium Risk
4883-QICIH,0.3536,False,Medium Risk
3354-OADJP,0.1332,False,Low Risk
3524-WQDSG,0.3733,False,Medium Risk
0810-DHDBD,0.0647,False,Low Risk
4026-SKKHW,0.3556,False,Medium Risk
2829-HYVZP,0.0148,False,Low Risk
8329-IBCTI,0.3267,False,Medium Risk
1271-SJBGZ,0.4688,False,Medium Risk
3845-JHAMY,0.2497,False,Low Risk
7013-PSXHK,0.1392,False,Low Risk
5669-SRAIP,0.527,True,High Risk
5981-ITEMU,0.3986,False,Medium Risk
3486-NPGST,0.0168,False,Low Risk
6941-PMGEP,0.6893,True,High Risk
1624-WOIWJ,0.5534,True,High Risk
2074-GKOWZ,0.6891,True,High Risk
0376-YMCJC,0.5218,True,High Risk
6100-FJZDG,0.0156,False,Low Risk
4829-ZLJTK,0.0629,False,Low Risk
1730-VFMWO,0.1114,False,Low Risk
7143-BQIBA,0.1786,False,Low Risk
3800-LYTRK,0.0976,False,Low Risk
0634-SZPQA,0.3853,False,Medium Risk
9646-NMHXE,0.0089,False,Low Risk
7030-NJVDP,0.3506,False,Medium Risk
5536-RTPWK,0.3531,False,Medium Risk
8883-GRDWQ,0.1276,False,Low Risk
6166-ILMNY,0.5996,True,High Risk
3097-NNSPB,0.5281,True,High Risk
7771-ZONAT,0.0729,False,Low Risk
0655-RBDUG,0.7767,True,Very High Risk
2111-DWYHN,0.3157,False,Medium Risk
4194-WHFCB,0.1813,False,Low Risk
4121-AGSIN,0.0194,False,Low Risk
4361-BKAXE,0.3047,False,Medium Risk
9845-PEEKO,0.1166,False,Low Risk
0455-XFASS,0.5774,True,High Risk
0301-KOBTQ,0.0143,False,Low Risk
1751-NCDLI,0.5055,True,High Risk
4367-NUYAO,0.0671,False,Low Risk
9878-TNQGW,0.7103,True,Very High Risk
9170-ARBTB,0.0154,False,Low Risk
4441-NIHPT,0.5751,True,High Risk
8999-BOHSE,0.602,True,High Risk
7241-AJHFS,0.199,False,Low Risk
7029-RPUAV,0.4934,False,Medium Risk
4546-FOKWR,0.461,False,Medium Risk
9036-CSKBW,0.1747,False,Low Risk
5832-TRLPB,0.141,False,Low Risk
8590-YFFQO,0.0273,False,Low Risk
8659-IOOPU,0.0683,False,Low Risk
1338-CECEE,0.0846,False,Low Risk
7439-DKZTW,0.7995,True,Very High Risk
4646-QZXTF,0.2383,False,Low Risk
4607-CHPCA,0.4098,False,Medium Risk
9742-XOKTS,0.1292,False,Low Risk
6921-OZMFH,0.2952,False,Low Risk
9578-FOMUK,0.0962,False,Low Risk
4712-UYOOI,0.0665,False,Low Risk
8824-RWFXJ,0.4371,False,Medium Risk
7722-CVFXN,0.246,False,Low Risk
8717-VCTXJ,0.0203,False,Low Risk
7363-QTBIW,0.6468,True,High Risk
4159-NAAIX,0.1102,False,Low Risk
0971-QIFJK,0.0038,False,Low Risk
9397-TZSHA,0.0138,False,Low Risk
3391-JSQEW,0.1488,False,Low Risk
0343-QLUZP,0.0389,False,Low Risk
9763-PDTKK,0.6371,True,High Risk
2176-LVPNX,0.0249,False,Low Risk
7627-JKIAZ,0.3312,False,Medium Risk
3312-UUMZW,0.3922,False,Medium Risk
1271-UODNO,0.0753,False,Low Risk
8461-EFQYM,0.0181,False,Low Risk
6900-RBKER,0.1458,False,Low Risk
6891-JPYFF,0.2602,False,Low Risk
1459-QNFQT,0.0133,False,Low Risk
1047-NNCBF,0.3168,False,Medium Risk
3696-XRIEN,0.0882,False,Low Risk
4081-DYXAV,0.2906,False,Low Risk
0074-HDKDG,0.0915,False,Low Risk
8791-GFXLZ,0.2424,False,Low Risk
8111-SLLHI,0.511,True,High Risk
0927-LCSMG,0.5404,True,High Risk
9330-DHBFL,0.0772,False,Low Risk
0098-BOWSO,0.0684,False,Low Risk
3452-ABWRL,0.3533,False,Medium Risk
5859-HZYLF,0.0185,False,Low Risk
8257-RZAHR,0.2609,False,Low Risk
5293-WXJAK,0.7021,True,Very High Risk
3156-QLHBO,0.0719,False,Low Risk
2208-NQBCT,0.3102,False,Medium Risk
1779-PWPMG,0.0309,False,Low Risk
6621-NRZAK,0.0024,False,Low Risk
0831-JNISG,0.0034,False,Low Risk
0774-IFUVM,0.1941,False,Low Risk
3082-WQRVY,0.0705,False,Low Risk
9553-DLCLU,0.0797,False,Low Risk
1641-BYBTK,0.0612,False,Low Risk
2460-NGXBJ,0.4521,False,Medium Risk
2446-ZKVAF,0.1896,False,Low Risk
0841-NULXI,0.7088,True,Very High Risk
3522-CDKHF,0.3101,False,Medium Risk
1430-SFQSA,0.0724,False,Low Risk
0411-EZJZE,0.4577,False,Medium Risk
7851-WZEKY,0.8005,True,Very High Risk
8844-TONUD,0.5868,True,High Risk
8807-ARQET,0.2605,False,Low Risk
8992-CEUEN,0.3148,False,Medium Risk
4320-QMLLA,0.2748,False,Low Risk
8777-PVYGU,0.0613,False,Low Risk
8292-ITGYJ,0.0179,False,Low Risk
6870-ZWMNX,0.0281,False,Low Risk
0621-CXBKL,0.0253,False,Low Risk
5268-DSMNQ,0.1595,False,Low Risk
5334-JLAXU,0.202,False,Low Risk
4086-YQSNZ,0.6804,True,High Risk
6242-MBHPK,0.484,False,Medium Risk
5868-CZJDR,0.5386,True,High Risk
9359-UGBTK,0.0878,False,Low Risk
0135-NMXAP,0.6235,True,High Risk
4782-OSFXZ,0.019,False,Low Risk
6479-OAUSD,0.0137,False,Low Risk
7129-ACFOG,0.3969,False,Medium Risk
4189-NAKJS,0.1116,False,Low Risk
5562-BETPV,0.2296,False,Low Risk
1282-IHQAC,0.1172,False,Low Risk
9127-FHJBZ,0.0381,False,Low Risk
6270-OMFIW,0.2449,False,Low Risk
1641-RQDAY,0.4449,False,Medium Risk
0107-WESLM,0.4545,False,Medium Risk
6994-ORCWG,0.1922,False,Low Risk
1346-UFHAX,0.4326,False,Medium Risk
3992-YWPKO,0.7049,True,Very High Risk
2933-XEUJM,0.0363,False,Low Risk
0125-LZQXK,0.5583,True,High Risk
5461-QKNTN,0.4058,False,Medium Risk
4835-YSJMR,0.072,False,Low Risk
8399-YNDCH,0.2828,False,Low Risk
3164-YAXFY,0.2129,False,Low Risk
0887-WBJVH,0.2232,False,Low Risk
4660-IRIBM,0.3892,False,Medium Risk
5673-FSSMF,0.5918,True,High Risk
7670-ZBPOQ,0.0455,False,Low Risk
8089-UZWLX,0.1693,False,Low Risk
0080-OROZO,0.3247,False,Medium Risk
3916-NRPAP,0.5373,True,High Risk
6807-SIWJI,0.2903,False,Low Risk
8221-HVAYI,0.034,False,Low Risk
1579-KLYDT,0.7456,True,Very High Risk
5232-NXPAY,0.0309,False,Low Risk
8967-SZQAS,0.2831,False,Low Risk
4468-KAZHE,0.2713,False,Low Risk
0455-ENTCR,0.0381,False,Low Risk
8944-AILEF,0.0946,False,Low Risk
5542-NKVRU,0.0068,False,Low Risk
7126-RBHSD,0.3986,False,Medium Risk
5370-IIVVL,0.2464,False,Low Risk
6789-HJBWG,0.3225,False,Medium Risk
3927-NLNRY,0.2416,False,Low Risk
9087-EYCPR,0.0086,False,Low Risk
6791-YBNAK,0.1936,False,Low Risk
6358-LYNGM,0.8254,True,Very High Risk
6077-BDPXA,0.6301,True,High Risk
0013-MHZWF,0.3045,False,Medium Risk
5494-HECPR,0.8124,True,Very High Risk
8268-YDIXR,0.1963,False,Low Risk
9824-BEMCV,0.5173,True,High Risk
1373-ORVIZ,0.3728,False,Medium Risk
4291-SHSBH,0.603,True,High Risk
6980-IMXXE,0.0034,False,Low Risk
9866-QEVEE,0.4467,False,Medium Risk
9897-KXHCM,0.6688,True,High Risk
0040-HALCW,0.007,False,Low Risk
0784-GTUUK,0.0251,False,Low Risk
7979-CORPM,0.4111,False,Medium Risk
2294-DMMUS,0.1321,False,Low Risk
0872-JCPIB,0.1767,False,Low Risk
3055-MJDSB,0.3477,False,Medium Risk
9091-WTUUY,0.0219,False,Low Risk
1618-CFHME,0.7234,True,Very High Risk
3165-HDOEW,0.553,True,High Risk
6581-NQCBA,0.4444,False,Medium Risk
7115-IRDHS,0.0042,False,Low Risk
8496-DMZUK,0.15,False,Low Risk
2040-VZIKE,0.2805,False,Low Risk
9068-VPWQQ,0.0299,False,Low Risk
0178-SZBHO,0.3519,False,Medium Risk
0384-RVBPI,0.1327,False,Low Risk
1689-MRZQR,0.4138,False,Medium Risk
1299-AURJA,0.0033,False,Low Risk
4525-VZCZG,0.1689,False,Low Risk
1543-LLLFT,0.1478,False,Low Risk
5835-BEQEU,0.7161,True,Very High Risk
2788-CJQAQ,0.024,False,Low Risk
5565-FILXA,0.6555,True,High Risk
0319-QZTCO,0.3423,False,Medium Risk
2120-SMPEX,0.0437,False,Low Risk
0096-FCPUF,0.1106,False,Low Risk
0668-OGMHD,0.3484,False,Medium Risk
5552-ZNFSJ,0.5673,True,High Risk
2223-KAGMX,0.1523,False,Low Risk
6507-ZJSUR,0.5154,True,High Risk
9408-HRXRK,0.2851,False,Low Risk
5593-SUAOO,0.1933,False,Low Risk
7321-PKUYW,0.5886,True,High Risk
2833-SLKDQ,0.4894,False,Medium Risk
6766-HFKLA,0.1145,False,Low Risk
7595-EUIVN,0.7481,True,Very High Risk
7617-EYGLW,0.3049,False,Medium Risk
2026-TGDHM,0.6745,True,High Risk
9220-ZNKJI,0.0834,False,Low Risk
4030-VPZBD,0.5464,True,High Risk
2226-ICFDO,0.0176,False,Low Risk
0723-VSOBE,0.1691,False,Low Risk
5529-GIBVH,0.0104,False,Low Risk
4187-CINZD,0.2449,False,Low Risk
9992-UJOEL,0.4986,False,Medium Risk
4741-WWJQZ,0.5423,True,High Risk
6625-UTXEW,0.3008,False,Medium Risk
6818-WOBHJ,0.2772,False,Low Risk
6244-BESBM,0.0903,False,Low Risk
1004-NOZNR,0.1871,False,Low Risk
1251-STYSZ,0.5676,True,High Risk
2612-PHGOX,0.0364,False,Low Risk
2408-TZMJL,0.2865,False,Low Risk
8480-PPONV,0.0797,False,Low Risk
8780-IHCRN,0.0034,False,Low Risk
4598-ZADCK,0.1108,False,Low Risk
1257-SXUXQ,0.0668,False,Low Risk
9681-KYGYB,0.3255,False,Medium Risk
7182-OVLBJ,0.1004,False,Low Risk
5095-ETBRJ,0.0169,False,Low Risk
7005-CYUIL,0.0641,False,Low Risk
4821-WQOYN,0.0094,False,Low Risk
4730-AWNAU,0.0713,False,Low Risk
3452-FLHYD,0.02,False,Low Risk
2388-LAESQ,0.0309,False,Low Risk
9531-NSBMR,0.0197,False,Low Risk
6260-ONULR,0.4907,False,Medium Risk
4389-UEFCZ,0.1189,False,Low Risk
8711-LOBKY,0.0103,False,Low Risk
9134-CEQMF,0.7114,True,Very High Risk
8985-OOPOS,0.3771,False,Medium Risk
8800-ZKRFW,0.3766,False,Medium Risk
2616-FLVQC,0.0354,False,Low Risk
9968-FFVVH,0.0572,False,Low Risk
3108-PCCGG,0.0334,False,Low Risk
7993-PYKOF,0.476,False,Medium Risk
8390-FESFV,0.0244,False,Low Risk
3022-BEXHZ,0.1281,False,Low Risk
5027-XWQHA,0.4503,False,Medium Risk
6248-TKCQV,0.0313,False,Low Risk
6729-GDNGC,0.3543,False,Medium Risk
6198-ZFIOJ,0.6228,True,High Risk
5989-OMNJE,0.1637,False,Low Risk
4566-QVRRW,0.403,False,Medium Risk
1291-CUOCY,0.0745,False,Low Risk
9795-SHUHB,0.0236,False,Low Risk
3230-IUALN,0.0248,False,Low Risk
0042-RLHYP,0.0068,False,Low Risk
8519-IMDHU,0.5626,True,High Risk
4945-RVMTE,0.161,False,Low Risk
0201-OAMXR,0.2134,False,Low Risk
1866-NXPSP,0.105,False,Low Risk
3372-KWFBM,0.6254,True,High Risk
7831-QGOXH,0.5771,True,High Risk
6393-WRYZE,0.5065,True,High Risk
3941-XTSKM,0.1469,False,Low Risk
1661-CZBAU,0.0688,False,Low Risk
6599-RCLCJ,0.3888,False,Medium Risk
9831-BPFRI,0.2979,False,Low Risk
5158-RIVOP,0.0322,False,Low Risk
9788-YTFGE,0.0855,False,Low Risk
9277-JOOMO,0.0992,False,Low Risk
1907-YLNYW,0.3017,False,Medium Risk
1725-MIMXW,0.3677,False,Medium Risk
8947-YRTDV,0.1599,False,Low Risk
3161-ONRWK,0.0446,False,Low Risk
0114-RSRRW,0.0954,False,Low Risk
4565-NLZBV,0.0057,False,Low Risk
0031-PVLZI,0.1252,False,Low Risk
7206-GZCDC,0.81,True,Very High Risk
6682-VCIXC,0.0703,False,Low Risk
4791-QRGMF,0.2522,False,Low Risk
6475-VHUIZ,0.1673,False,Low Risk
3910-MRQOY,0.012,False,Low Risk
0661-WCQNQ,0.1051,False,Low Risk
7537-RBWEA,0.5334,True,High Risk
4656-CAURT,0.0085,False,Low Risk
0121-SNYRK,0.0476,False,Low Risk
1768-ZAIFU,0.6999,True,High Risk
4671-LXRDQ,0.5151,True,High Risk
3733-LSYCE,0.3785,False,Medium Risk
6265-FRMTQ,0.0121,False,Low Risk
1934-SJVJK,0.393,False,Medium Risk
3838-OZURD,0.2963,False,Low Risk
1371-DWPAZ,0.119,False,Low Risk
9269-CQOOL,0.4611,False,Medium Risk
2017-CCBLH,0.047,False,Low Risk
7690-KPNCU,0.0919,False,Low Risk
0536-BGFMZ,0.0471,False,Low Risk
2293-IJWPS,0.2354,False,Low Risk
2845-HSJCY,0.5809,True,High Risk
5469-NUJUR,0.0351,False,Low Risk
1184-PJVDB,0.647,True,High Risk
2625-TRCZQ,0.2807,False,Low Risk
4102-HLENU,0.0216,False,Low Risk
7266-GSSJX,0.1013,False,Low Risk
7722-VJRQD,0.0124,False,Low Risk
7073-QETQY,0.046,False,Low Risk
9415-DPEWS,0.5541,True,High Risk
5624-RYAMH,0.0975,False,Low Risk
0196-JTUQI,0.5542,True,High Risk
7130-YXBRO,0.2613,False,Low Risk
9272-LSVYH,0.4361,False,Medium Risk
7943-RQCHR,0.7458,True,Very High Risk
3793-MMFUH,0.67,True,High Risk
3249-ZPQRG,0.6138,True,High Risk
2568-BRGYX,0.6285,True,High Risk
3084-DOWLE,0.0127,False,Low Risk
1084-MNSMJ,0.0235,False,Low Risk
7721-JXEAW,0.2166,False,Low Risk
7249-WBIYX,0.7144,True,Very High Risk
4238-HFHSN,0.3305,False,Medium Risk
6250-CGGUN,0.1405,False,Low Risk
5478-JJVZK,0.1168,False,Low Risk
7596-IIWYC,0.0166,False,Low Risk
6567-HOOPW,0.822,True,Very High Risk
9793-WECQC,0.354,False,Medium Risk
4291-HPAXL,0.3262,False,Medium Risk
8999-YPYBV,0.022,False,Low Risk
1839-FBNFR,0.0066,False,Low Risk
3164-AALRN,0.446,False,Medium Risk
3071-MVJCD,0.0134,False,Low Risk
1697-BCSHV,0.109,False,Low Risk
0562-KBDVM,0.0217,False,Low Risk
1131-SUEKT,0.1582,False,Low Risk
3717-OEAUQ,0.5986,True,High Risk
4538-WNTMJ,0.0202,False,Low Risk
3334-CTHOL,0.5287,True,High Risk
4704-ERYFC,0.4812,False,Medium Risk
9432-RUVSL,0.1094,False,Low Risk
8060-HIWJJ,0.0251,False,Low Risk
7684-XSZIY,0.0023,False,Low Risk
9089-UOWJG,0.2138,False,Low Risk
8621-MNIHH,0.4273,False,Medium Risk
8039-ACLPL,0.0253,False,Low Risk
9885-AIBVB,0.4646,False,Medium Risk
1934-MKPXS,0.0088,False,Low Risk
2592-YKDIF,0.3105,False,Medium Risk
2272-JKMSI,0.2482,False,Low Risk
0471-LVHGK,0.2062,False,Low Risk
9518-RWHZL,0.2373,False,Low Risk
8714-CTZJW,0.6216,True,High Risk
3569-EDBPQ,0.3999,False,Medium Risk
3131-NWVFJ,0.0406,False,Low Risk
7521-YXVZY,0.0704,False,Low Risk
5419-CONWX,0.7036,True,Very High Risk
6240-EURKS,0.409,False,Medium Risk
2373-NTKOD,0.3715,False,Medium Risk
1970-KKFWL,0.0214,False,Low Risk
6960-HVYXR,0.7958,True,Very High Risk
9337-SRRNI,0.0104,False,Low Risk
0895-UADGO,0.1087,False,Low Risk
5678-VFNEQ,0.1793,False,Low Risk
5977-CKHON,0.3126,False,Medium Risk
7024-OHCCK,0.8197,True,Very High Risk
2692-BUCFV,0.3903,False,Medium Risk
7861-UVUFT,0.5424,True,High Risk
1830-GGFNM,0.0516,False,Low Risk
5302-BDJNT,0.3716,False,Medium Risk
5223-UZAVK,0.1871,False,Low Risk
4859-ZSRDZ,0.0229,False,Low Risk
5651-WYIPH,0.2587,False,Low Risk
9350-VLHMB,0.2327,False,Low Risk
3498-LZGQZ,0.0238,False,Low Risk
8785-CJSHH,0.3785,False,Medium Risk
5357-TZHPP,0.6375,True,High Risk
3870-SPZSI,0.0501,False,Low Risk
0680-DFNNY,0.6461,True,High Risk
7560-QRBXH,0.0127,False,Low Risk
7077-XJMET,0.3232,False,Medium Risk
8752-GHJFU,0.1382,False,Low Risk
6896-SRVYQ,0.3419,False,Medium Risk
7767-UXAGJ,0.5737,True,High Risk
4652-ODEVH,0.0105,False,Low Risk
6510-UPNKS,0.0556,False,Low Risk
6718-BDGHG,0.0994,False,Low Risk
9046-DQMTP,0.0433,False,Low Risk
6439-LAJXL,0.1951,False,Low Risk
1571-SAVHK,0.6596,True,High Risk
9052-VKDUW,0.1914,False,Low Risk
9546-CQJSU,0.7822,True,Very High Risk
1666-JZPZT,0.1352,False,Low Risk
5777-KJIRB,0.1128,False,Low Risk
0506-LVNGN,0.5927,True,High Risk
7677-SJJJK,0.0517,False,Low Risk
2480-EJWYP,0.2292,False,Low Risk
3253-HKOKL,0.1864,False,Low Risk
7055-HNEOJ,0.3418,False,Medium Risk
5514-YQENT,0.1866,False,Low Risk
3211-AAPKX,0.407,False,Medium Risk
8445-DNBAE,0.5488,True,High Risk
2951-QOQTK,0.6524,True,High Risk
2958-NHPPS,0.0456,False,Low Risk
6806-YDEUL,0.1461,False,Low Risk
1735-XMJVH,0.0838,False,Low Risk
6890-PFRQX,0.165,False,Low Risk
0222-CNVPT,0.174,False,Low Risk
5899-OUVKV,0.4376,False,Medium Risk
8681-ICONS,0.0385,False,Low Risk
1621-YNCJH,0.1074,False,Low Risk
3473-XIIIT,0.6299,True,High Risk
6362-QHAFM,0.393,False,Medium Risk
7893-IXHRQ,0.2832,False,Low Risk
3070-BDOQC,0.2058,False,Low Risk
2952-QAYZF,0.7206,True,Very High Risk
6234-PFPXL,0.3381,False,Medium Risk
9824-QCJPK,0.0207,False,Low Risk
4763-PGDPO,0.5958,True,High Risk
4283-IVYCI,0.1851,False,Low Risk
1866-OBPNR,0.5443,True,High Risk
8205-MQUGY,0.3181,False,Medium Risk
8970-ANWXO,0.1502,False,Low Risk
9480-BQJEI,0.166,False,Low Risk
5394-SVGJV,0.3172,False,Medium Risk
6979-TNDEU,0.0817,False,Low Risk
9777-WJJPR,0.3163,False,Medium Risk
9283-LZQOH,0.4444,False,Medium Risk
7079-QRCBC,0.5883,True,High Risk
9495-SKLKD,0.289,False,Low Risk
6048-UWKAL,0.082,False,Low Risk
5067-DGXLL,0.1027,False,Low Risk
5469-CTCWN,0.1794,False,Low Risk
9851-QXEEQ,0.5023,True,High Risk
6281-FKEWS,0.1798,False,Low Risk
8898-KASCD,0.093,False,Low Risk
9242-TKFSV,0.0088,False,Low Risk
9290-SHCMB,0.6229,True,High Risk
0743-HNPFG,0.0658,False,Low Risk
2277-BKJKN,0.1603,False,Low Risk
9809-IMGCQ,0.6154,True,High Risk
5208-HFSBT,0.4815,False,Medium Risk
5035-PGZXH,0.3008,False,Medium Risk
8695-WDYEA,0.4067,False,Medium Risk
6543-JXSOO,0.0741,False,Low Risk
8016-ZMGMO,0.088,False,Low Risk
8605-ITULD,0.3042,False,Medium Risk
3254-YRILK,0.5909,True,High Risk
6416-YJTTB,0.3959,False,Medium Risk
2667-WYLWJ,0.1902,False,Low Risk
4472-VESGY,0.1863,False,Low Risk
3195-TQDZX,0.0894,False,Low Risk
3128-YOVTD,0.1871,False,Low Risk
0529-ONKER,0.5488,True,High Risk
1728-CXQBE,0.333,False,Medium Risk
7041-TXQJH,0.1987,False,Low Risk
5014-GSOUQ,0.0302,False,Low Risk
5724-BIDBU,0.1305,False,Low Risk
0481-SUMCB,0.2638,False,Low Risk
1769-GRUIK,0.461,False,Medium Risk
5240-IJOQT,0.8318,True,Very High Risk
8819-WFGGJ,0.0393,False,Low Risk
7427-AUFPY,0.0266,False,Low Risk
2811-POVEX,0.3788,False,Medium Risk
1092-GANHU,0.4665,False,Medium Risk
7898-PDWQE,0.0148,False,Low Risk
9972-EWRJS,0.0126,False,Low Risk
9314-IJWSQ,0.5821,True,High Risk
0661-XEYAN,0.6387,True,High Risk
5799-JRCZO,0.0261,False,Low Risk
1921-KYSAY,0.1428,False,Low Risk
6198-RTPMF,0.5182,True,High Risk
2924-KHUVI,0.2633,False,Low Risk
1925-GMVBW,0.128,False,Low Risk
7881-EVUAD,0.5771,True,High Risk
6184-DYUOB,0.1374,False,Low Risk
9207-ZPANB,0.0835,False,Low Risk
5766-XQXMQ,0.1483,False,Low Risk
9327-QSDED,0.2733,False,Low Risk
1656-DRSMG,0.2378,False,Low Risk
3012-VFFMN,0.0762,False,Low Risk
2984-AFWNC,0.6326,True,High Risk
0640-YJTPY,0.0033,False,Low Risk
8096-LOIST,0.2983,False,Low Risk
9764-REAFF,0.031,False,Low Risk
3703-VAVCL,0.6293,True,High Risk
7107-UBYKY,0.0288,False,Low Risk
4881-GQJTW,0.0789,False,Low Risk
8519-QJGJD,0.4726,False,Medium Risk
7876-DNYAP,0.002,False,Low Risk
7905-NJMXS,0.2575,False,Low Risk
2882-WDTBA,0.0224,False,Low Risk
2091-GPPIQ,0.0569,False,Low Risk
6326-MTTXK,0.6798,True,High Risk
5071-FBJFS,0.3454,False,Medium Risk
2796-UUZZO,0.1708,False,Low Risk
2429-AYKKO,0.0132,False,Low Risk
9798-OPFEM,0.0051,False,Low Risk
0330-IVZHA,0.5721,True,High Risk
3794-NFNCH,0.1388,False,Low Risk
5193-QLVZB,0.1559,False,Low Risk
7114-AEOZE,0.0169,False,Low Risk
2886-KEFUM,0.2911,False,Low Risk
5522-NYKPB,0.3702,False,Medium Risk
4237-RLAQD,0.5276,True,High Risk
9957-YODKZ,0.7172,True,Very High Risk
6518-KZXCB,0.0268,False,Low Risk
2245-ADZFJ,0.0622,False,Low Risk
7776-QGYJC,0.2487,False,Low Risk
9313-QOLTZ,0.0422,False,Low Risk
9651-GTSAQ,0.2456,False,Low Risk
3186-BAXNB,0.7112,True,Very High Risk
4672-FOTSD,0.2616,False,Low Risk
0637-YLETY,0.5108,True,High Risk
9818-XQCUV,0.1115,False,Low Risk
7338-ERIVA,0.0592,False,Low Risk
1157-BQCUW,0.8235,True,Very High Risk
8259-NFJTV,0.1978,False,Low Risk
3223-DWFIO,0.5622,True,High Risk
2660-EMUBI,0.7696,True,Very High Risk
6968-GMKPR,0.3299,False,Medium Risk
4751-ERMAN,0.054,False,Low Risk
1436-ZMJAN,0.27,False,Low Risk
3292-PBZEJ,0.6103,True,High Risk
0799-DDIHE,0.3067,False,Medium Risk
3070-FNFZQ,0.0112,False,Low Risk
2812-SFXMJ,0.3274,False,Medium Risk
7675-OZCZG,0.5285,True,High Risk
5014-WUQMG,0.1919,False,Low Risk
5312-TSZVC,0.038,False,Low Risk
2003-CKLOR,0.3454,False,Medium Risk
0993-OSGPT,0.0712,False,Low Risk
9254-RBFON,0.2972,False,Low Risk
1205-WNWPJ,0.2519,False,Low Risk
9391-EOYLI,0.6167,True,High Risk
7108-DGVUU,0.1509,False,Low Risk
2782-JEEBU,0.1966,False,Low Risk
5127-BZENZ,0.0465,False,Low Risk
2720-FVBQP,0.3669,False,Medium Risk
9906-NHHVC,0.1186,False,Low Risk
4522-XRWWI,0.1056,False,Low Risk
3766-EJLFL,0.0985,False,Low Risk
5939-SXWHM,0.0086,False,Low Risk
8152-UOBNY,0.2851,False,Low Risk
7351-KYHQH,0.3109,False,Medium Risk
7643-RCHXS,0.0162,False,Low Risk
8246-SHFGA,0.0736,False,Low Risk
8387-MOJJT,0.3463,False,Medium Risk
0620-XEFWH,0.0641,False,Low Risk
6485-QXWWE,0.0083,False,Low Risk
2761-OCIAX,0.6437,True,High Risk
7321-VGNKU,0.6263,True,High Risk
5327-CNLUQ,0.1132,False,Low Risk
7552-KEYGT,0.0163,False,Low Risk
5816-JMLGY,0.026,False,Low Risk
3068-OMWZA,0.8384,True,Very High Risk
2927-QRRQV,0.2903,False,Low Risk
6032-KRXXO,0.4724,False,Medium Risk
7459-RRWQZ,0.2772,False,Low Risk
6265-SXWBU,0.1219,False,Low Risk
7941-RCJOW,0.0155,False,Low Risk
6374-NTQLP,0.0784,False,Low Risk
4154-AQUGT,0.5298,True,High Risk
2387-KDZQY,0.0302,False,Low Risk
3584-WKTTW,0.271,False,Low Risk
3399-BMLVW,0.0276,False,Low Risk
1971-DTCZB,0.0122,False,Low Risk
3092-IGHWF,0.2744,False,Low Risk
3374-PZLXD,0.0549,False,Low Risk
3813-DHBBB,0.0173,False,Low Risk
2812-REYAT,0.0181,False,Low Risk
6518-PPLMZ,0.0291,False,Low Risk
4939-KYYPY,0.1494,False,Low Risk
8017-LXHFA,0.5281,True,High Risk
5930-GBIWP,0.0193,False,Low Risk
6022-KOUQO,0.4021,False,Medium Risk
6352-TWCAU,0.503,True,High Risk
2361-UPSND,0.0677,False,Low Risk
6035-RIIOM,0.173,False,Low Risk
2929-QNSRW,0.2788,False,Low Risk
1262-OPMFY,0.5693,True,High Risk
9504-DSHWM,0.1458,False,Low Risk
5035-BVCXS,0.4653,False,Medium Risk
6267-DCFFZ,0.4821,False,Medium Risk
3533-UVMOM,0.0218,False,Low Risk
2439-LYPMQ,0.5026,True,High Risk
4248-QPAVC,0.4105,False,Medium Risk
1899-VXWXM,0.2846,False,Low Risk
1478-VPOAD,0.5188,True,High Risk
9995-HOTOH,0.0874,False,Low Risk
2988-PLAHS,0.4393,False,Medium Risk
1371-OJCEK,0.0261,False,Low Risk
4999-IEZLT,0.089,False,Low Risk
8883-ANODQ,0.0679,False,Low Risk
4690-LLKUA,0.4097,False,Medium Risk
2351-RRBUE,0.0737,False,Low Risk
5980-BDHPY,0.0119,False,Low Risk
1498-DQNRX,0.0523,False,Low Risk
9469-WEJBT,0.3355,False,Medium Risk
3331-HQDTW,0.2832,False,Low Risk
9490-DFPMD,0.4966,False,Medium Risk
2581-VKIRT,0.0405,False,Low Risk
5442-XSDCW,0.5203,True,High Risk
7426-WEIJX,0.2618,False,Low Risk
2851-MMUTZ,0.1305,False,Low Risk
3049-NDXFL,0.7997,True,Very High Risk
8580-AECUZ,0.8174,True,Very High Risk
3307-TLCUD,0.1741,False,Low Risk
6625-FLENO,0.0089,False,Low Risk
2967-MXRAV,0.1849,False,Low Risk
7963-GQRMY,0.3904,False,Medium Risk
8189-HBVRW,0.2295,False,Low Risk
4163-KIUHY,0.0464,False,Low Risk
1228-FZFRV,0.2913,False,Low Risk
3500-NSDOA,0.0308,False,Low Risk
1171-TYKUR,0.0395,False,Low Risk
3761-FLYZI,0.2662,False,Low Risk
2058-DCJBE,0.6258,True,High Risk
5364-XYIRR,0.4737,False,Medium Risk
4829-AUOAX,0.3334,False,Medium Risk
1219-NNDDO,0.6385,True,High Risk
8388-DMKAE,0.043,False,Low Risk
4403-BWPAY,0.0572,False,Low Risk
9659-QEQSY,0.2843,False,Low Risk
5405-ZMYXQ,0.5852,True,High Risk
5047-LHVLY,0.6074,True,High Risk
1442-OKRJE,0.1638,False,Low Risk
4737-AQCPU,0.0206,False,Low Risk
9158-VCTQB,0.2979,False,Low Risk
2808-CHTDM,0.0233,False,Low Risk
6311-UEUME,0.4741,False,Medium Risk
0793-TWELN,0.5687,True,High Risk
3283-WCWXT,0.0225,False,Low Risk
1060-ENTOF,0.1585,False,Low Risk
0999-QXNSA,0.3009,False,Medium Risk
5451-MHQOF,0.0243,False,Low Risk
4836-WNFNO,0.0053,False,Low Risk
9225-BZLNZ,0.0677,False,Low Risk
0354-VXMJC,0.0061,False,Low Risk
4422-QVIJA,0.1294,False,Low Risk
9365-SRSZE,0.4387,False,Medium Risk
6839-ITVZJ,0.2104,False,Low Risk
8332-OSJDW,0.0439,False,Low Risk
4735-BJKOU,0.009,False,Low Risk
0274-JKUJR,0.2037,False,Low Risk
5740-YHGTW,0.19,False,Low Risk
8917-SZTTJ,0.0108,False,Low Risk
1696-MZVAU,0.15,False,Low Risk
7359-WWYJV,0.0343,False,Low Risk
0375-HVGXO,0.6788,True,High Risk
4906-ZHGPK,0.0953,False,Low Risk
8593-WHYHV,0.7499,True,Very High Risk
3795-GWTRD,0.0312,False,Low Risk
1298-PHBTI,0.1058,False,Low Risk
6223-DHJGV,0.0148,False,Low Risk
6961-MJKBO,0.0112,False,Low Risk
6097-EQISJ,0.1886,False,Low Risk
4423-YLHDV,0.5131,True,High Risk
8158-WPEZG,0.3487,False,Medium Risk
0107-YHINA,0.8161,True,Very High Risk
4918-FYJNT,0.2649,False,Low Risk
0727-BNRLG,0.0963,False,Low Risk
4854-CIDCF,0.597,True,High Risk
8640-SDGKB,0.437,False,Medium Risk
3280-MRDOF,0.0812,False,Low Risk
6435-SRWBJ,0.6566,True,High Risk
9964-WBQDJ,0.0077,False,Low Risk
6303-KFWSL,0.1253,False,Low Risk
1702-CCFNJ,0.0865,False,Low Risk
8932-CZHRQ,0.1089,False,Low Risk
0386-CWRGM,0.0092,False,Low Risk
5515-RUGKN,0.3018,False,Medium Risk
0404-AHASP,0.0051,False,Low Risk
7279-NMVJC,0.0573,False,Low Risk
2081-VEYEH,0.6085,True,High Risk
6407-UTSLV,0.6332,True,High Risk
4116-TZAQJ,0.4768,False,Medium Risk
9060-HJJRW,0.1333,False,Low Risk
2587-YNLES,0.0301,False,Low Risk
7398-SKNQZ,0.6981,True,High Risk
5935-FCCNB,0.5864,True,High Risk
1958-RNRKS,0.1841,False,Low Risk
5136-RGMZO,0.1979,False,Low Risk
8345-MVDYC,0.0247,False,Low Risk
8226-BXGES,0.112,False,Low Risk
3877-JRJIP,0.5449,True,High Risk
8375-DKEBR,0.8176,True,Very High Risk
9705-IOVQQ,0.2419,False,Low Risk
1015-OWJKI,0.2578,False,Low Risk
7511-YMXVQ,0.534,True,High Risk
2040-XBAVJ,0.03,False,Low Risk
7551-JOHTI,0.3022,False,Medium Risk
8887-IPQNC,0.2866,False,Low Risk
8646-JCOMS,0.1316,False,Low Risk
9804-ICWBG,0.8223,True,Very High Risk
1222-KJNZD,0.0278,False,Low Risk
0106-GHRQR,0.2655,False,Low Risk
5318-IXUZF,0.6641,True,High Risk
3768-VHXQO,0.0068,False,Low Risk
8952-WCVCD,0.2286,False,Low Risk
2418-TPEUN,0.013,False,Low Risk
3963-RYFNS,0.047,False,Low Risk
3198-VELRD,0.7344,True,Very High Risk
8540-ZQGEA,0.0073,False,Low Risk
1320-REHCS,0.3392,False,Medium Risk
4137-JOPHL,0.0888,False,Low Risk
9436-ZBZCT,0.6242,True,High Risk
7801-CEDNV,0.08,False,Low Risk
2057-BOYKM,0.0369,False,Low Risk
3658-QQJYD,0.1036,False,Low Risk
1803-BGNBD,0.2784,False,Low Risk
0134-XWXCE,0.1286,False,Low Risk
6950-TWMYB,0.0747,False,Low Risk
5848-FHRFC,0.0105,False,Low Risk
2243-FNMMI,0.0519,False,Low Risk
2511-MORQY,0.0836,False,Low Risk
5356-KZCKT,0.0165,False,Low Risk
9470-XCCEM,0.3233,False,Medium Risk
6519-CFDBX,0.5587,True,High Risk
3902-MIVLE,0.0227,False,Low Risk
0409-WTMPL,0.2034,False,Low Risk
8763-KIAFH,0.0318,False,Low Risk
3669-WHAFY,0.0441,False,Low Risk
3055-VTCGS,0.0912,False,Low Risk
3144-KMTWZ,0.2435,False,Low Risk
7279-BUYWN,0.368,False,Medium Risk
7156-MHUGY,0.6342,True,High Risk
7198-GLXTC,0.663,True,High Risk
2007-QVGAW,0.0173,False,Low Risk
5207-PLSTK,0.4893,False,Medium Risk
2307-FYNNL,0.2465,False,Low Risk
5605-XNWEN,0.009,False,Low Risk
2155-AMQRX,0.1371,False,Low Risk
6181-AXXYF,0.0044,False,Low Risk
5091-HFAZW,0.5809,True,High Risk
0516-VRYBW,0.1148,False,Low Risk
2519-LBNQL,0.3031,False,Medium Risk
8623-ULFNQ,0.2331,False,Low Risk
8380-PEFPE,0.7786,True,Very High Risk
5687-DKDTV,0.1245,False,Low Risk
1568-LJSZU,0.0147,False,Low Risk
7530-HDYDS,0.2794,False,Low Risk
7789-HKSBS,0.2857,False,Low Risk
7416-CKTEP,0.0148,False,Low Risk
2586-CWXVV,0.2422,False,Low Risk
3096-IZETN,0.4974,False,Medium Risk
2348-KCJLT,0.0761,False,Low Risk
8401-EMUWF,0.1033,False,Low Risk
4193-IBKSW,0.0042,False,Low Risk
5377-NDTOU,0.0095,False,Low Risk
5922-ABDVO,0.4172,False,Medium Risk
2474-LCNUE,0.1453,False,Low Risk
0839-QNXME,0.0201,False,Low Risk
3506-OVLKD,0.0589,False,Low Risk
9172-ANCRX,0.7273,True,Very High Risk
6650-VJONK,0.5091,True,High Risk
2178-PMGCJ,0.3406,False,Medium Risk
7492-TAFJD,0.1121,False,Low Risk
2773-MADBQ,0.0338,False,Low Risk
6016-LVTJQ,0.0399,False,Low Risk
7860-KSUGX,0.0248,False,Low Risk
8966-KZXXA,0.0095,False,Low Risk
6910-HADCM,0.77,True,Very High Risk
4816-LXZYW,0.525,True,High Risk
9606-PBKBQ,0.5144,True,High Risk
5149-QYTTU,0.081,False,Low Risk
2070-XYMFH,0.3608,False,Medium Risk
2085-BOJKI,0.3492,False,Medium Risk
0817-HSUSE,0.4709,False,Medium Risk
5442-PPTJY,0.013,False,Low Risk
1927-QEWMY,0.0033,False,Low Risk
1663-MHLHE,0.2407,False,Low Risk
5663-QBGIS,0.1238,False,Low Risk
4450-MDZFX,0.2095,False,Low Risk
6701-DHKWQ,0.028,False,Low Risk
7554-AKDQF,0.2819,False,Low Risk
3536-IQCTX,0.4749,False,Medium Risk
4911-BANWH,0.3997,False,Medium Risk
8496-EJAUI,0.3792,False,Medium Risk
0794-YVSGE,0.0031,False,Low Risk
5423-BHIXO,0.1931,False,Low Risk
6908-VVYHM,0.3313,False,Medium Risk
2959-EEXWB,0.1309,False,Low Risk
1839-UMACK,0.0541,False,Low Risk
3030-YDNRM,0.6597,True,High Risk
7321-KKSDU,0.0104,False,Low Risk
3402-XRIUO,0.1507,False,Low Risk
3132-TVFDZ,0.3721,False,Medium Risk
8286-AFUYI,0.4631,False,Medium Risk
8080-DDEMJ,0.5837,True,High Risk
8356-WUAOJ,0.5595,True,High Risk
6365-MTGZX,0.4776,False,Medium Risk
1349-WXNGG,0.3307,False,Medium Risk
8058-DMYRU,0.4019,False,Medium Risk
9350-ZXYJC,0.0916,False,Low Risk
6990-YNRIO,0.1669,False,Low Risk
8958-JPTRR,0.0579,False,Low Risk
6959-GQEGV,0.1742,False,Low Risk
3173-WSSUE,0.0037,False,Low Risk
1265-HVPZB,0.0703,False,Low Risk
4115-UMJFQ,0.1346,False,Low Risk
7369-TRPFD,0.0232,False,Low Risk
1098-KFQEC,0.0107,False,Low Risk
7190-XHTWJ,0.0145,False,Low Risk
0621-TWIEM,0.4498,False,Medium Risk
3537-RYBHH,0.1326,False,Low Risk
2485-ITVKB,0.6238,True,High Risk
3669-OYSJI,0.5232,True,High Risk
1612-EOHDH,0.5406,True,High Risk
6702-OHFWR,0.7279,True,Very High Risk
5296-BFCYD,0.0073,False,Low Risk
4510-PYUSH,0.1949,False,Low Risk
9359-JANWS,0.0334,False,Low Risk
7517-SAWMO,0.4703,False,Medium Risk
4143-HHPMK,0.4053,False,Medium Risk
3279-DYZQM,0.0088,False,Low Risk
7054-LGEQW,0.4832,False,Medium Risk
0523-VNGTF,0.2024,False,Low Risk
9575-IWCAZ,0.0451,False,Low Risk
7105-MXJLL,0.1339,False,Low Risk
7064-FRRSW,0.322,False,Medium Risk
7940-UQQUG,0.1667,False,Low Risk
0923-PNFUB,0.5967,True,High Risk
3961-SXAXY,0.5055,True,High Risk
7010-BRBUU,0.0026,False,Low Risk
3566-HJGPK,0.5196,True,High Risk
3062-ICYZQ,0.2531,False,Low Risk
9938-PRCVK,0.0075,False,Low Risk
0973-KYVNF,0.0292,False,Low Risk
5129-HHMZC,0.037,False,Low Risk
9637-CDTKZ,0.039,False,Low Risk
3946-JEWRQ,0.2444,False,Low Risk
7873-CVMAW,0.0137,False,Low Risk
0463-WZZKO,0.1342,False,Low Risk
3494-JCHRQ,0.7969,True,Very High Risk
6474-FVJLC,0.77,True,Very High Risk
4524-QCSSM,0.1998,False,Low Risk
5832-EXGTT,0.1078,False,Low Risk
8840-DQLGN,0.2482,False,Low Risk
2039-JONDJ,0.0766,False,Low Risk
7217-JYHOQ,0.1062,False,Low Risk
6695-FRVEC,0.0192,False,Low Risk
4547-LYTDD,0.4646,False,Medium Risk
9894-QMIMJ,0.1125,False,Low Risk
8069-YQQAJ,0.2454,False,Low Risk
6770-XUAGN,0.3277,False,Medium Risk
4193-ORFCL,0.5452,True,High Risk
1636-NTNCO,0.3615,False,Medium Risk
3466-WAESX,0.2951,False,Low Risk
9281-PKKZE,0.2722,False,Low Risk
3638-VBZTA,0.0241,False,Low Risk
7459-IMVYU,0.1281,False,Low Risk
7776-QWNFX,0.2008,False,Low Risk
6689-TCZHQ,0.6443,True,High Risk
8563-OYMQY,0.3894,False,Medium Risk
0754-EEBDC,0.0246,False,Low Risk
5777-ZPQNC,0.0512,False,Low Risk
1951-IEYXM,0.0095,False,Low Risk
3318-NMQXL,0.7182,True,Very High Risk
3143-ILDAL,0.338,False,Medium Risk
1022-RKXDR,0.015,False,Low Risk
2361-FJWNO,0.1123,False,Low Risk
2272-UOINI,0.3255,False,Medium Risk
8232-UTFOZ,0.0058,False,Low Risk
3750-YHRYO,0.0508,False,Low Risk
6637-KYRCV,0.3889,False,Medium Risk
5668-MEISB,0.0378,False,Low Risk
0129-QMPDR,0.0118,False,Low Risk
7188-CBBBA,0.2558,False,Low Risk
5356-CSVSQ,0.3809,False,Medium Risk
3221-CJMSG,0.1402,False,Low Risk
4720-VSTSI,0.3187,False,Medium Risk
3219-JQRSL,0.0177,False,Low Risk
2801-NISEI,0.154,False,Low Risk
3946-MHCZW,0.5064,True,High Risk
4623-ZKHLY,0.0465,False,Low Risk
6732-VAILE,0.0225,False,Low Risk
8201-AAXCB,0.201,False,Low Risk
7696-CFTAT,0.0053,False,Low Risk
1845-CSBRZ,0.3648,False,Medium Risk
2123-VSCOT,0.029,False,Low Risk
6651-AZVTJ,0.4539,False,Medium Risk
4566-GOLUK,0.3359,False,Medium Risk
2484-DGXPZ,0.1546,False,Low Risk
2018-QKYGT,0.7436,True,Very High Risk
2792-VPPET,0.0826,False,Low Risk
7409-JURKQ,0.2183,False,Low Risk
3247-MHJKM,0.364,False,Medium Risk
1964-SVLEA,0.0236,False,Low Risk
4587-NUKOX,0.551,True,High Risk
7297-DVYGA,0.0165,False,Low Risk
2239-CGBUZ,0.0567,False,Low Risk
0854-UYHZD,0.0152,False,Low Risk
7243-LCGGZ,0.4112,False,Medium Risk
8267-KFGYD,0.245,False,Low Risk
4890-VMUAV,0.0666,False,Low Risk
9261-WDCAF,0.4041,False,Medium Risk
3764-MNMOI,0.0115,False,Low Risk
7442-YGZFK,0.5317,True,High Risk
0420-BWTPW,0.3135,False,Medium Risk
8229-BUJHX,0.0032,False,Low Risk
7449-HVPIV,0.2528,False,Low Risk
5504-WSIUR,0.1303,False,Low Risk
8183-ONMXC,0.6847,True,High Risk
8466-PZBLH,0.1009,False,Low Risk
9614-RMGHA,0.2655,False,Low Risk
8735-IJJEG,0.1996,False,Low Risk
0564-MUUQK,0.3411,False,Medium Risk
5054-IEXZT,0.7732,True,Very High Risk
5834-ASPWA,0.827,True,Very High Risk
0701-RFGFI,0.3393,False,Medium Risk
0019-EFAEP,0.0714,False,Low Risk
5619-PTMIK,0.1624,False,Low Risk
3737-XBQDD,0.3739,False,Medium Risk
5882-CMAZQ,0.3088,False,Medium Risk
5846-QFDFI,0.2311,False,Low Risk
4445-KWOKW,0.0862,False,Low Risk
3511-APPBJ,0.2602,False,Low Risk
7967-HYCDE,0.4891,False,Medium Risk
2430-RRYUW,0.0601,False,Low Risk
3948-XHGNA,0.2019,False,Low Risk
3723-BFBGR,0.1875,False,Low Risk
0565-IYCGT,0.1371,False,Low Risk
5447-WZAFP,0.2267,False,Low Risk
5110-CHOPY,0.1427,False,Low Risk
5445-UTODQ,0.6714,True,High Risk
4425-OWHWB,0.0209,False,Low Risk
7892-QVYKW,0.4525,False,Medium Risk
9675-ICXCT,0.0458,False,Low Risk
1024-VRZHF,0.6266,True,High Risk
4703-MQYKT,0.0194,False,Low Risk
9497-QCMMS,0.8608,True,Very High Risk
5692-ICXLW,0.4944,False,Medium Risk
0602-DDUML,0.0205,False,Low Risk
2208-MPXIO,0.0068,False,Low Risk
1960-UYCNN,0.6983,True,High Risk
0348-SDKOL,0.2853,False,Low Risk
3190-FZATL,0.0509,False,Low Risk
7336-RLLRH,0.1015,False,Low Risk
4373-MAVJG,0.5452,True,High Risk
8901-HJXTF,0.2422,False,Low Risk
7710-JSYOA,0.0746,False,Low Risk
5419-KLXBN,0.3567,False,Medium Risk
3424-NMNBO,0.3103,False,Medium Risk
9885-MFVSU,0.0392,False,Low Risk
4514-GFCFI,0.6166,True,High Risk
0607-MVMGC,0.0994,False,Low Risk
3365-SAIGS,0.5259,True,High Risk
9828-AOQLM,0.571,True,High Risk
8022-BECSI,0.0161,False,Low Risk
8000-REIQB,0.8037,True,Very High Risk
9993-LHIEB,0.0155,False,Low Risk
0266-CLZKZ,0.1179,False,Low Risk
7615-ESMYF,0.5843,True,High Risk
3858-VOBET,0.5112,True,High Risk
7020-OZKXZ,0.4489,False,Medium Risk
3977-QCRSL,0.117,False,Low Risk
0017-DINOC,0.0354,False,Low Risk
1447-PJGGA,0.2845,False,Low Risk
8565-CLBZW,0.403,False,Medium Risk
9139-WQQDY,0.1969,False,Low Risk
0224-HJAPT,0.4938,False,Medium Risk
8086-OVPWV,0.7064,True,Very High Risk
9430-FRQOC,0.7073,True,Very High Risk
7639-OPLNG,0.0249,False,Low Risk
3074-GQWYX,0.6801,True,High Risk
1492-QGCLU,0.1325,False,Low Risk
6845-RGTYS,0.3431,False,Medium Risk
7328-OWMOM,0.0221,False,Low Risk
4418-LZMSV,0.1478,False,Low Risk
5155-AZQPB,0.1223,False,Low Risk
8861-HGGKB,0.6344,True,High Risk
1087-GRUYI,0.0082,False,Low Risk
7065-YUNRY,0.5145,True,High Risk
7694-VLBWQ,0.3093,False,Medium Risk
2546-KZAAT,0.0885,False,Low Risk
0181-RITDD,0.077,False,Low Risk
5989-PGKJB,0.5363,True,High Risk
4795-KTRTH,0.7343,True,Very High Risk
8272-ONJLV,0.4087,False,Medium Risk
1488-PBLJN,0.0326,False,Low Risk
0308-GIQJT,0.1889,False,Low Risk
3778-FOAQW,0.0223,False,Low Risk
4452-ROHMO,0.031,False,Low Risk
6481-OGDOO,0.192,False,Low Risk
3090-LETTY,0.2859,False,Low Risk
5349-AZPEW,0.3181,False,Medium Risk
3753-TSEMP,0.5326,True,High Risk
8305-VHZBZ,0.4553,False,Medium Risk
9720-JJJOR,0.0851,False,Low Risk
8100-HZZLJ,0.1491,False,Low Risk
8775-ERLNB,0.7966,True,Very High Risk
8309-IEYJD,0.7268,True,Very High Risk
9172-JITSM,0.4977,False,Medium Risk
6298-QDFNH,0.5452,True,High Risk
7398-HPYZQ,0.0128,False,Low Risk
3546-GHEAE,0.0318,False,Low Risk
7361-YPXFS,0.1311,False,Low Risk
6557-BZXLQ,0.4885,False,Medium Risk
2550-QHZGP,0.0364,False,Low Risk
7519-JTWQH,0.1333,False,Low Risk
2538-OIMXF,0.4402,False,Medium Risk
8543-MSDMF,0.4204,False,Medium Risk
9961-JBNMK,0.4626,False,Medium Risk
1170-SASML,0.2216,False,Low Risk
4872-JCVCA,0.02,False,Low Risk
5346-BZCHP,0.0111,False,Low Risk
2038-LLMLM,0.4046,False,Medium Risk
6173-ITPWD,0.2977,False,Low Risk
9734-UYXQI,0.5467,True,High Risk
1216-BGTSP,0.2626,False,Low Risk
4138-NAXED,0.2523,False,Low Risk
2189-UXTKY,0.3301,False,Medium Risk
0744-BIKKF,0.0128,False,Low Risk
7483-IQWIB,0.403,False,Medium Risk
5248-KWLAR,0.0255,False,Low Risk
4958-GZWIY,0.4264,False,Medium Risk
7996-MHXLW,0.012,False,Low Risk
7833-PKIHD,0.0714,False,Low Risk
7061-OVMIM,0.0379,False,Low Risk
5153-RTHKF,0.4459,False,Medium Risk
1852-QSWCD,0.0107,False,Low Risk
4832-VRBMR,0.223,False,Low Risk
9079-LWTFD,0.1686,False,Low Risk
6356-ELRKD,0.7659,True,Very High Risk
8624-GIOUT,0.1403,False,Low Risk
3392-EHMNK,0.0586,False,Low Risk
5986-WWXDV,0.0166,False,Low Risk
3061-BCKYI,0.0723,False,Low Risk
6179-GJPSO,0.3307,False,Medium Risk
7901-TBKJX,0.4623,False,Medium Risk
7228-PAQPD,0.1509,False,Low Risk
3177-LASXD,0.7617,True,Very High Risk
7746-QYVCO,0.1126,False,Low Risk
5804-HYIEZ,0.2137,False,Low Risk
9919-FZDED,0.0344,False,Low Risk
5934-TSSAU,0.3113,False,Medium Risk
3486-KHMLI,0.0318,False,Low Risk
4897-QSUYC,0.4949,False,Medium Risk
1084-UQCHV,0.74,True,Very High Risk
8290-YWKHZ,0.5121,True,High Risk
2955-BJZHG,0.4675,False,Medium Risk
3806-DXQOM,0.4712,False,Medium Risk
6784-XYJAE,0.1048,False,Low Risk
3933-DQPWX,0.0608,False,Low Risk
6661-EIPZC,0.1244,False,Low Risk
8957-THMOA,0.0121,False,Low Risk
2251-PYLPB,0.015,False,Low Risk
5555-RNPGT,0.1033,False,Low Risk
1057-FOGLZ,0.0692,False,Low Risk
9300-RENDD,0.8114,True,Very High Risk
0761-AETCS,0.336,False,Medium Risk
8087-LGYHQ,0.6713,True,High Risk
4137-BTIKL,0.5172,True,High Risk
2190-BCXEC,0.2748,False,Low Risk
6227-FBDXH,0.1959,False,Low Risk
2153-MREFK,0.3241,False,Medium Risk
2911-WDXMV,0.3611,False,Medium Risk
7206-PQBBZ,0.565,True,High Risk
3106-ULWFW,0.6765,True,High Risk
0925-VYDLG,0.6394,True,High Risk
4547-FZJWE,0.0849,False,Low Risk
7422-WNBTY,0.431,False,Medium Risk
0842-IWYCP,0.147,False,Low Risk
3521-HTQTV,0.0261,False,Low Risk
3744-ZBHON,0.1342,False,Low Risk
3373-DIUUN,0.0132,False,Low Risk
8383-SGHJU,0.0869,False,Low Risk
7607-QKKTJ,0.1825,False,Low Risk
7707-PYBBH,0.0966,False,Low Risk
8984-HPEMB,0.084,False,Low Risk
4349-GFQHK,0.5512,True,High Risk
4139-DETXS,0.0107,False,Low Risk
9779-DPNEJ,0.4885,False,Medium Risk
9805-FILKB,0.0128,False,Low Risk
5793-YOLJN,0.0072,False,Low Risk
0673-IGUQO,0.2897,False,Low Risk
4123-FCVCB,0.2507,False,Low Risk
8819-IMISP,0.4788,False,Medium Risk
7802-EFKNY,0.5641,True,High Risk
8311-UEUAB,0.1117,False,Low Risk
5858-EAFCZ,0.4767,False,Medium Risk
8035-BUYVG,0.2341,False,Low Risk
1163-ONYEY,0.1228,False,Low Risk
9787-XVQIU,0.828,True,Very High Risk
8945-MUQUF,0.2792,False,Low Risk
5656-MJEFC,0.0377,False,Low Risk
6082-OQFBA,0.0142,False,Low Risk
8051-HJRLT,0.7803,True,Very High Risk
8974-OVACP,0.3815,False,Medium Risk
4010-YLMVT,0.2399,False,Low Risk
1379-FRVEB,0.584,True,High Risk
8612-GXIDD,0.0487,False,Low Risk
6288-CHQJB,0.0209,False,Low Risk
8160-HOWOX,0.4176,False,Medium Risk
3023-GFLBR,0.3736,False,Medium Risk
6648-INWPS,0.0952,False,Low Risk
4223-BKEOR,0.0957,False,Low Risk
4079-VTGLK,0.1468,False,Low Risk
1763-WQFUK,0.3511,False,Medium Risk
1391-UBDAR,0.4687,False,Medium Risk
8894-JVDCV,0.1785,False,Low Risk
2023-VQFDL,0.1028,False,Low Risk
1345-GKDZZ,0.0516,False,Low Risk
2014-MKGMH,0.3242,False,Medium Risk
5628-FCGYG,0.5524,True,High Risk
2560-WBWXF,0.0073,False,Low Risk
0248-IPDFW,0.5423,True,High Risk
7978-DKUQH,0.4267,False,Medium Risk
4335-UPJSI,0.0243,False,Low Risk
0524-IAVZO,0.4906,False,Medium Risk
2737-YNGYW,0.6816,True,High Risk
1784-EZDKJ,0.259,False,Low Risk
9297-FVVDH,0.0506,False,Low Risk
8007-YYPWD,0.0827,False,Low Risk
7101-HRBLJ,0.011,False,Low Risk
5159-YFPKQ,0.6779,True,High Risk
6635-CPNUN,0.3186,False,Medium Risk
4021-RQSNY,0.5574,True,High Risk
5453-YBTWV,0.0444,False,Low Risk
5039-LZRQT,0.0328,False,Low Risk
2931-VUVJN,0.1523,False,Low Risk
9061-TIHDA,0.6919,True,High Risk
8699-ASUFO,0.6656,True,High Risk
6418-PIQSP,0.0201,False,Low Risk
8220-OCUFY,0.134,False,Low Risk
3995-WFCSM,0.4634,False,Medium Risk
1895-QTKDO,0.471,False,Medium Risk
2038-OEQZH,0.6275,True,High Risk
1178-PZGAB,0.0359,False,Low Risk
7927-AUXBZ,0.4061,False,Medium Risk
2626-VEEWG,0.0117,False,Low Risk
2878-RMWXY,0.06,False,Low Risk
1657-DYMBM,0.0113,False,Low Risk
7311-MQJCH,0.0818,False,Low Risk
7375-WMVMT,0.0629,False,Low Risk
1136-XGEQU,0.0986,False,Low Risk
2530-FMFXO,0.1725,False,Low Risk
6844-DZKRF,0.4114,False,Medium Risk
4695-WJZUE,0.7939,True,Very High Risk
7619-ODSGN,0.2096,False,Low Risk
5970-GHJAW,0.0035,False,Low Risk
8879-XUAHX,0.0571,False,Low Risk
3689-MOZGR,0.2402,False,Low Risk
4195-PNGZS,0.0023,False,Low Risk
5003-XZWWO,0.0186,False,Low Risk
3988-RQIXO,0.8278,True,Very High Risk
7622-FWGEW,0.0434,False,Low Risk
6922-NCEDI,0.0327,False,Low Risk
2514-GINMM,0.8164,True,Very High Risk
9891-NQDBD,0.0486,False,Low Risk
6131-IUNXN,0.0524,False,Low Risk
8548-AWOFC,0.1338,False,Low Risk
9798-DRYDS,0.1462,False,Low Risk
8532-UEFWH,0.0076,False,Low Risk
6296-DDOOR,0.1622,False,Low Risk
7951-VRDVK,0.1218,False,Low Risk
5931-FLJJF,0.567,True,High Risk
4815-YOSUK,0.1259,False,Low Risk
2659-VXMWZ,0.1805,False,Low Risk
0380-NEAVX,0.2989,False,Low Risk
3207-OYBWH,0.287,False,Low Risk
4285-GYRQC,0.6802,True,High Risk
7216-EWTRS,0.8492,True,Very High Risk
4365-MSDYN,0.0823,False,Low Risk
7036-TYDEC,0.222,False,Low Risk
5802-ADBRC,0.2387,False,Low Risk
8076-FEZKJ,0.0294,False,Low Risk
5197-YPYBZ,0.0323,False,Low Risk
8337-MSSXB,0.5881,True,High Risk
4312-GVYNH,0.0194,False,Low Risk
8495-LJDFO,0.2283,False,Low Risk
0839-JTCUD,0.0227,False,Low Risk
5494-WOZRZ,0.0154,False,Low Risk
1302-UHBDD,0.4893,False,Medium Risk
2234-EOFPT,0.0256,False,Low Risk
8619-IJNDK,0.0248,False,Low Risk
8378-LKJAF,0.3601,False,Medium Risk
8182-BJDSI,0.5033,True,High Risk
2528-HFYZX,0.5413,True,High Risk
1153-GNOLC,0.1927,False,Low Risk
3298-QEICA,0.0705,False,Low Risk
0788-DXBFY,0.0497,False,Low Risk
3597-YASZG,0.1176,False,Low Risk
3496-LFSZU,0.5818,True,High Risk
5242-UOWHD,0.0042,False,Low Risk
2482-CZGBB,0.5789,True,High Risk
6479-SZPLM,0.0052,False,Low Risk
8097-VBQTZ,0.0711,False,Low Risk
4500-HKANN,0.05,False,Low Risk
9917-KWRBE,0.0912,False,Low Risk
3420-ZDBMA,0.5869,True,High Risk
2212-LYASK,0.1545,False,Low Risk
1393-IMKZG,0.6997,True,High Risk
8069-RHUXK,0.0285,False,Low Risk
3398-GCPMU,0.0194,False,Low Risk
2908-WGAXL,0.0218,False,Low Risk
3378-AJRAO,0.0147,False,Low Risk
1013-QCWAM,0.3709,False,Medium Risk
0866-QLSIR,0.0665,False,Low Risk
6050-FFXES,0.1132,False,Low Risk
7181-BQYBV,0.7203,True,Very High Risk
0362-RAOQO,0.0089,False,Low Risk
9554-DFKIC,0.1143,False,Low Risk
5527-ACHSO,0.2209,False,Low Risk
0829-DDVLK,0.0609,False,Low Risk
1399-UBQIU,0.3739,False,Medium Risk
1813-JLKWR,0.0441,False,Low Risk
0336-PIKEI,0.0354,False,Low Risk
7322-OCWHC,0.0416,False,Low Risk
9537-VHDTA,0.3947,False,Medium Risk
4957-TIALW,0.102,False,Low Risk
2054-PJOCK,0.0845,False,Low Risk
9150-HEPMB,0.0585,False,Low Risk
9030-QGZNL,0.0436,False,Low Risk
6204-IEUXJ,0.599,True,High Risk
3126-WQMGH,0.1419,False,Low Risk
4529-CKBCL,0.6931,True,High Risk
2506-CLAKW,0.6711,True,High Risk
7176-WRTNX,0.115,False,Low Risk
1583-IHQZE,0.5746,True,High Risk
5732-IKGQH,0.2344,False,Low Risk
9239-GZHZE,0.03,False,Low Risk
7205-BAIAD,0.0068,False,Low Risk
0151-ONTOV,0.7228,True,Very High Risk
4140-MUHUG,0.7118,True,Very High Risk
0093-EXYQL,0.438,False,Medium Risk
8064-RAVOH,0.5732,True,High Risk
0219-QAERP,0.0132,False,Low Risk
0320-JDNQG,0.4572,False,Medium Risk
7180-PISOG,0.8043,True,Very High Risk
9168-INPSZ,0.3957,False,Medium Risk
3571-RFHAR,0.343,False,Medium Risk
0015-UOCOJ,0.4391,False,Medium Risk
5334-AFQJB,0.0127,False,Low Risk
2754-SDJRD,0.7295,True,Very High Risk
9578-VRMNM,0.3131,False,Medium Risk
1587-FKLZB,0.2903,False,Low Risk
6140-QNRQQ,0.7333,True,Very High Risk
8963-JLGJT,0.3102,False,Medium Risk
4307-KTUMW,0.3203,False,Medium Risk
1465-LNTLJ,0.2377,False,Low Risk
5440-FLBQG,0.1807,False,Low Risk
2135-DQWAQ,0.6163,True,High Risk
4056-QHXHZ,0.0512,False,Low Risk
7470-MCQTK,0.3042,False,Medium Risk
7488-MXJIV,0.7513,True,Very High Risk
7401-JIXNM,0.0295,False,Low Risk
9339-FIIJL,0.0221,False,Low Risk
2027-FECZV,0.6306,True,High Risk
2672-DZUOY,0.6657,True,High Risk
4706-DGAHW,0.5896,True,High Risk
3870-MQAMG,0.3387,False,Medium Risk
6670-MFRPK,0.0628,False,Low Risk
6177-PEVRA,0.0536,False,Low Risk
4800-CZMPC,0.2259,False,Low Risk
4813-HQMGZ,0.6554,True,High Risk
7579-KKLOE,0.0104,False,Low Risk
7377-DMMRI,0.5618,True,High Risk
8402-EIVQS,0.1854,False,Low Risk
4947-DSMXK,0.3584,False,Medium Risk
7245-NIIWQ,0.6248,True,High Risk
0002-ORFBO,0.1703,False,Low Risk
3324-OIRTO,0.1602,False,Low Risk
5414-OFQCB,0.0999,False,Low Risk
4967-WPNCF,0.0105,False,Low Risk
8552-OBVRU,0.2765,False,Low Risk
8499-BRXTD,0.0267,False,Low Risk
9154-QDGTH,0.2382,False,Low Risk
8197-BFWVU,0.0122,False,Low Risk
2577-GVSIL,0.1244,False,Low Risk
9367-OIUXP,0.1056,False,Low Risk
6770-UAYGJ,0.0072,False,Low Risk
6463-HHXJR,0.0507,False,Low Risk
7928-VJYAB,0.5627,True,High Risk
1187-WILMM,0.0179,False,Low Risk
9776-OJUZI,0.2606,False,Low Risk
1306-RPWXZ,0.0113,False,Low Risk
8949-JTMAY,0.443,False,Medium Risk
2774-LVQUS,0.5864,True,High Risk
3097-PYWXL,0.1448,False,Low Risk
2266-SJNAT,0.1574,False,Low Risk
0869-PAPRP,0.3463,False,Medium Risk
4238-JSSWH,0.3669,False,Medium Risk
2972-YDYUW,0.2168,False,Low Risk
1104-FEJAM,0.1627,False,Low Risk
2809-ILCYT,0.0541,False,Low Risk
5499-ECUTN,0.07,False,Low Risk
4981-FLTMF,0.0586,False,Low Risk
9121-PHQSR,0.452,False,Medium Risk
3113-IWHLC,0.2679,False,Low Risk
3211-ILJTT,0.4081,False,Medium Risk
4612-THJBS,0.2735,False,Low Risk
4277-BWBML,0.0083,False,Low Risk
4094-NSEDU,0.5951,True,High Risk
0234-TEVTT,0.0807,False,Low Risk
4304-TSPVK,0.0649,False,Low Risk
1552-AAGRX,0.2865,False,Low Risk
2637-FKFSY,0.4254,False,Medium Risk
9796-MVYXX,0.1044,False,Low Risk
7874-ECPQJ,0.0914,False,Low Risk
0020-INWCK,0.0742,False,Low Risk
7089-RKVSZ,0.0367,False,Low Risk
2683-JXWQQ,0.1146,False,Low Risk
9548-ZMVTX,0.0502,False,Low Risk
8739-XNIKG,0.7319,True,Very High Risk
9755-JHNMN,0.0231,False,Low Risk
3981-QSVQI,0.0801,False,Low Risk
2789-HQBOU,0.6783,True,High Risk
9424-CMPOG,0.0137,False,Low Risk
5067-WJEUN,0.0235,False,Low Risk
3450-WXOAT,0.1551,False,Low Risk
9251-WNSOD,0.0848,False,Low Risk
6974-DAFLI,0.0521,False,Low Risk
2616-UUTFK,0.1255,False,Low Risk
7064-JHXCE,0.0021,False,Low Risk
5103-MHMHY,0.4779,False,Medium Risk
7989-AWGEH,0.1749,False,Low Risk
4373-VVHQL,0.5862,True,High Risk
4559-UWIHT,0.6077,True,High Risk
7268-IGMFD,0.3332,False,Medium Risk
1846-XWOQN,0.7825,True,Very High Risk
0235-KGSLC,0.7157,True,Very High Risk
6650-BWFRT,0.0314,False,Low Risk
9570-KYEUA,0.0779,False,Low Risk
6993-YGFJV,0.0765,False,Low Risk
2712-SYWAY,0.1856,False,Low Risk
0730-BGQGF,0.013,False,Low Risk
5498-IBWPI,0.0778,False,Low Risk
9101-NTIXF,0.0913,False,Low Risk
0013-SMEOE,0.0525,False,Low Risk
9314-QDMDW,0.2205,False,Low Risk
9308-ANMVE,0.1519,False,Low Risk
2884-GBPFB,0.4399,False,Medium Risk
3757-NJYBX,0.3752,False,Medium Risk
3413-DHLPB,0.2106,False,Low Risk
7649-PHJVR,0.0295,False,Low Risk
6114-TCFID,0.0906,False,Low Risk
3787-TRIAL,0.3683,False,Medium Risk
2573-GYRUU,0.3219,False,Medium Risk
5156-UMKOW,0.3434,False,Medium Risk
1247-QBVSH,0.1268,False,Low Risk
6734-GMPVK,0.6265,True,High Risk
9822-OAOVB,0.5722,True,High Risk
6161-ERDGD,0.1159,False,Low Risk
1226-JZNKR,0.0919,False,Low Risk
7318-EIVKO,0.3765,False,Medium Risk
3771-PZOBW,0.3902,False,Medium Risk
5136-KCKGI,0.2951,False,Low Risk
8231-BSWXX,0.144,False,Low Risk
6486-LHTMA,0.3513,False,Medium Risk
4083-BFNYK,0.1958,False,Low Risk
3722-WPXTK,0.7966,True,Very High Risk
7389-KBFIT,0.4425,False,Medium Risk
7176-WIONM,0.2963,False,Low Risk
5141-ZUVBH,0.4678,False,Medium Risk
1089-HDMKP,0.2614,False,Low Risk
7623-HKYRK,0.0539,False,Low Risk
0310-SUCIN,0.0896,False,Low Risk
5197-PYEPU,0.1588,False,Low Risk
2929-ERCFZ,0.6408,True,High Risk
7548-SEPYI,0.7344,True,Very High Risk
8835-VSDSE,0.6378,True,High Risk
6619-RPLQZ,0.0053,False,Low Risk
3275-RHRNE,0.1115,False,Low Risk
3503-TYDAY,0.3552,False,Medium Risk
6901-GOGZG,0.0611,False,Low Risk
1623-NLDOT,0.1906,False,Low Risk
7021-XSNYE,0.0816,False,Low Risk
9621-OUPYD,0.0237,False,Low Risk
9898-KZQDZ,0.4029,False,Medium Risk
8982-NHAVY,0.31,False,Medium Risk
4307-KWMXE,0.2941,False,Low Risk
0141-YEAYS,0.3877,False,Medium Risk
2450-ZKEED,0.1469,False,Low Risk
3694-DELSO,0.26,False,Low Risk
3893-JRNFS,0.1901,False,Low Risk
9603-OAIHC,0.7853,True,Very High Risk
1133-KXCGE,0.0325,False,Low Risk
5236-PERKL,0.1574,False,Low Risk
0142-GVYSN,0.0427,False,Low Risk
1049-FYSYG,0.2448,False,Low Risk
7854-FOKSF,0.6399,True,High Risk
2519-FAKOD,0.3867,False,Medium Risk
8406-LNMHF,0.1144,False,Low Risk
1821-BUCWY,0.0415,False,Low Risk
8263-JQAIK,0.6351,True,High Risk
0023-UYUPN,0.0502,False,Low Risk
8314-DPQHL,0.1552,False,Low Risk
1465-WCZVT,0.0931,False,Low Risk
9481-SFCQY,0.2386,False,Low Risk
6360-SVNWV,0.3011,False,Medium Risk
0567-GGCAC,0.2623,False,Low Risk
7089-IVVAZ,0.7074,True,Very High Risk
8884-MRNSU,0.0413,False,Low Risk
2171-UDMFD,0.0539,False,Low Risk
9050-IKDZA,0.6297,True,High Risk
2205-YMZZJ,0.7353,True,Very High Risk
9802-CAQUT,0.04,False,Low Risk
1254-IZEYF,0.5135,True,High Risk
0187-WZNAB,0.2361,False,Low Risk
9492-TOKRI,0.465,False,Medium Risk
1475-VWVDO,0.6269,True,High Risk
9221-OTIVJ,0.6513,True,High Risk
1357-MVDOZ,0.2138,False,Low Risk
7602-MVRMB,0.0552,False,Low Risk
3325-FUYCG,0.2673,False,Low Risk
5908-QMGOE,0.503,True,High Risk
1197-BVMVG,0.7004,True,Very High Risk
5406-KGRMX,0.0245,False,Low Risk
8481-YYXWG,0.6744,True,High Risk
5968-HYJRZ,0.0143,False,Low Risk
5198-EFNBM,0.2352,False,Low Risk
7516-GMHUV,0.1766,False,Low Risk
7140-ADSMJ,0.0699,False,Low Risk
2230-XTUWL,0.0098,False,Low Risk
7706-YLMQA,0.0441,False,Low Risk
2585-KTFRE,0.3098,False,Medium Risk
7994-UYIVZ,0.6823,True,High Risk
2609-IAICY,0.8285,True,Very High Risk
1740-CSDJP,0.6137,True,High Risk
7717-BICXI,0.0053,False,Low Risk
6559-RAKOZ,0.3096,False,Medium Risk
2636-OHFMN,0.5823,True,High Risk
4716-MRVEN,0.0159,False,Low Risk
2143-LJULT,0.0176,False,Low Risk
1323-OOEPC,0.3332,False,Medium Risk
3200-MNQTF,0.0264,False,Low Risk
6164-HXUGH,0.0856,False,Low Risk
5630-IXDXV,0.4335,False,Medium Risk
0320-DWVTU,0.0693,False,Low Risk
9135-MGVPY,0.0119,False,Low Risk
1212-GLHMD,0.5112,True,High Risk
7878-JGDKK,0.3502,False,Medium Risk
1088-AUUZZ,0.0274,False,Low Risk
0397-GZBBC,0.3398,False,Medium Risk
6614-YWYSC,0.0036,False,Low Risk
9588-OZDMQ,0.5177,True,High Risk
7641-EUYET,0.3732,False,Medium Risk
6476-EPYZR,0.0477,False,Low Risk
9921-ZVRHG,0.61,True,High Risk
1174-FGIFN,0.3216,False,Medium Risk
6620-HVDUJ,0.101,False,Low Risk
4701-MLJPN,0.1398,False,Low Risk
1032-MAELW,0.0894,False,Low Risk
7641-TQFHN,0.1539,False,Low Risk
1552-TKMXS,0.0384,False,Low Risk
9206-GVPEQ,0.4064,False,Medium Risk
8622-ZLFKO,0.7516,True,Very High Risk
1596-BBVTG,0.3366,False,Medium Risk
6188-UXBBR,0.0113,False,Low Risk
2333-KWEWW,0.0265,False,Low Risk
5702-SKUOB,0.1197,False,Low Risk
1134-YWTYF,0.1606,False,Low Risk
6061-GWWAV,0.0823,False,Low Risk
0679-TDGAK,0.1038,False,Low Risk
6585-WCEWR,0.0077,False,Low Risk
9067-YGSCA,0.0406,False,Low Risk
9067-SQTNS,0.0153,False,Low Risk
8433-WXGNA,0.5741,True,High Risk
1776-SPBWV,0.0194,False,Low Risk
8735-SDUFN,0.0031,False,Low Risk
9668-PUGNU,0.0244,False,Low Risk
9405-GPBBG,0.1076,False,Low Risk
1926-QUZNN,0.0096,False,Low Risk
3707-GNWHM,0.7824,True,Very High Risk
7016-NVRIC,0.2023,False,Low Risk
5829-NVSQN,0.0786,False,Low Risk
9565-AXSMR,0.0241,False,Low Risk
8922-LIEGH,0.5601,True,High Risk
8869-LIHMK,0.1014,False,Low Risk
8245-UMPYT,0.6354,True,High Risk
5186-SAMNZ,0.7538,True,Very High Risk
0447-RXSGD,0.4548,False,Medium Risk
4927-WWOOZ,0.7797,True,Very High Risk
5788-YPOEG,0.0324,False,Low Risk
5373-SFODM,0.3847,False,Medium Risk
0661-KBKPA,0.1079,False,Low Risk
9081-WWXKP,0.0035,False,Low Risk
0784-ZQJZX,0.0118,False,Low Risk
3133-PZNSR,0.04,False,Low Risk
5766-ZJYBB,0.2862,False,Low Risk
8931-GJJIQ,0.7043,True,Very High Risk
4277-PVRAN,0.5975,True,High Risk
0022-TCJCI,0.1731,False,Low Risk
0722-SVSFK,0.6322,True,High Risk
3612-YVGSJ,0.0077,False,Low Risk
9825-YCXWZ,0.2341,False,Low Risk
5397-NSKQG,0.0371,False,Low Risk
8565-HBFNN,0.1496,False,Low Risk
2000-DHJUY,0.0278,False,Low Risk
0203-HHYIJ,0.1406,False,Low Risk
8670-ERCJH,0.0498,False,Low Risk
7758-UJWYS,0.1032,False,Low Risk
2050-ONYDQ,0.0034,False,Low Risk
7055-JCGNI,0.0738,False,Low Risk
0739-UUAJR,0.0285,False,Low Risk
4826-DXMUP,0.1609,False,Low Risk
0952-KMEEH,0.5455,True,High Risk
7285-KLOTR,0.1909,False,Low Risk
0654-PQKDW,0.0418,False,Low Risk
7175-NTIXE,0.1217,False,Low Risk
7963-SHNDT,0.0261,False,Low Risk
9796-BPKIW,0.4945,False,Medium Risk
0188-GWFLE,0.114,False,Low Risk
8129-GMVGI,0.0128,False,Low Risk
2882-DDZPG,0.1106,False,Low Risk
3547-LQRIK,0.0345,False,Low Risk
9137-NOQKA,0.14,False,Low Risk
5843-TTHGI,0.2199,False,Low Risk
1849-RJYIG,0.3236,False,Medium Risk
8868-GAGIO,0.2269,False,Low Risk
4061-UKJWL,0.4059,False,Medium Risk
5380-XPJNZ,0.0169,False,Low Risk
8263-QMNTJ,0.0469,False,Low Risk
8178-EYZUO,0.3441,False,Medium Risk
3230-JCNZS,0.0462,False,Low Risk
0277-ORXQS,0.0323,False,Low Risk
5130-IEKQT,0.4709,False,Medium Risk
3230-WYKIR,0.2475,False,Low Risk
7996-BPXHY,0.0431,False,Low Risk
3227-WLKLI,0.0229,False,Low Risk
0407-BDJKB,0.3857,False,Medium Risk
2266-FUBDZ,0.0169,False,Low Risk
8237-ULIXL,0.0062,False,Low Risk
9600-UDOPK,0.423,False,Medium Risk
8216-AZUUZ,0.1929,False,Low Risk
9153-BTBVV,0.0038,False,Low Risk
4074-SJFFA,0.5387,True,High Risk
3269-ATYWD,0.421,False,Medium Risk
5186-PEIZU,0.0535,False,Low Risk
1074-AMIOH,0.2132,False,Low Risk
4910-GMJOT,0.8483,True,Very High Risk
0354-WYROK,0.4333,False,Medium Risk
4361-FEBGN,0.0069,False,Low Risk
7748-UMTRK,0.4788,False,Medium Risk
0380-ZCSBI,0.0868,False,Low Risk
7145-FEJWU,0.5809,True,High Risk
6463-MVYRY,0.0561,False,Low Risk
3969-JQABI,0.0935,False,Low Risk
9624-EGDEQ,0.0099,False,Low Risk
1051-EQPZR,0.0546,False,Low Risk
5849-ASHZJ,0.0114,False,Low Risk
5780-INQIK,0.3592,False,Medium Risk
7576-OYWBN,0.7252,True,Very High Risk
4526-ZJJTM,0.3578,False,Medium Risk
8384-FZBJK,0.3571,False,Medium Risk
3750-RNQKR,0.0727,False,Low Risk
0962-CQPWQ,0.0037,False,Low Risk
3096-YXENJ,0.1232,False,Low Risk
1265-BCFEO,0.0379,False,Low Risk
5837-LXSDN,0.1576,False,Low Risk
5945-AZYHT,0.2153,False,Low Risk
8325-QRPZR,0.6228,True,High Risk
6384-VMJHP,0.0254,False,Low Risk
2262-SLNVK,0.7621,True,Very High Risk
7730-CLDSV,0.0681,False,Low Risk
1135-HIORI,0.2404,False,Low Risk
0164-APGRB,0.0646,False,Low Risk
6481-ESCNL,0.3853,False,Medium Risk
1790-NESIO,0.0199,False,Low Risk
1550-EENBN,0.3216,False,Medium Risk
5539-TMZLF,0.8153,True,Very High Risk
4323-SADQS,0.3612,False,Medium Risk
4446-BZKHU,0.3954,False,Medium Risk
5202-IVJNU,0.2342,False,Low Risk
5976-JCJRH,0.5975,True,High Risk
8198-RKSZG,0.2009,False,Low Risk
0137-OCGAB,0.7714,True,Very High Risk
3351-NQLDI,0.2021,False,Low Risk
9297-EONCV,0.0155,False,Low Risk
7593-JNWRU,0.3537,False,Medium Risk
4588-YBNIB,0.4241,False,Medium Risk
1069-QJOEE,0.0204,False,Low Risk
3336-JORSO,0.4214,False,Medium Risk
7799-DSEWS,0.2032,False,Low Risk
8766-PAFNE,0.0253,False,Low Risk
5315-CKEQK,0.165,False,Low Risk
3130-ICDUP,0.4712,False,Medium Risk
0820-FNRNX,0.1638,False,Low Risk
0880-FVFWF,0.2679,False,Low Risk
4611-ANLQC,0.1293,False,Low Risk
4213-HKBJO,0.0513,False,Low Risk
2792-LSHWX,0.511,True,High Risk
5028-GZLDO,0.5742,True,High Risk
0014-BMAQU,0.0639,False,Low Risk
6861-XWTWQ,0.7897,True,Very High Risk
9018-PCIOK,0.044,False,Low Risk
4837-QUSFT,0.119,False,Low Risk
6877-TJMBR,0.7297,True,Very High Risk
9953-ZMKSM,0.0081,False,Low Risk
0907-HQNTS,0.0517,False,Low Risk
7665-NKLAV,0.0374,False,Low Risk
6769-DCQLI,0.2676,False,Low Risk
2433-KMEAS,0.3487,False,Medium Risk
4391-LNRXK,0.2982,False,Low Risk
8250-ZNGGW,0.2137,False,Low Risk
2195-ZRVAX,0.3892,False,Medium Risk
3550-SAHFP,0.4963,False,Medium Risk
2011-TRQYE,0.2691,False,Low Risk
8562-GHPPI,0.1582,False,Low Risk
5893-PYOLZ,0.0261,False,Low Risk
4986-MXSFP,0.1057,False,Low Risk
6131-FOYAS,0.1667,False,Low Risk
3027-YNWZU,0.0066,False,Low Risk
5609-IMCGG,0.4032,False,Medium Risk
4873-ILOLJ,0.5069,True,High Risk
4727-MCYZG,0.4798,False,Medium Risk
9481-WHGWY,0.0289,False,Low Risk
2725-KXXWT,0.8049,True,Very High Risk
9565-DJPIB,0.6703,True,High Risk
4328-VUFWD,0.0969,False,Low Risk
3301-LSLWQ,0.1776,False,Low Risk
7473-ZBDSN,0.0136,False,Low Risk
3166-PNEOF,0.0276,False,Low Risk
5639-NTUPK,0.192,False,Low Risk
8780-YRMTT,0.0226,False,Low Risk
8348-HFYIV,0.7023,True,Very High Risk
5140-FOMCQ,0.1984,False,Low Risk
6242-SGYTS,0.1361,False,Low Risk
8166-ORCHU,0.2354,False,Low Risk
8414-OOEEL,0.0323,False,Low Risk
8454-AATJP,0.035,False,Low Risk
6849-WLEYG,0.3362,False,Medium Risk
4659-NZRUF,0.5418,True,High Risk
4531-AUZNK,0.1354,False,Low Risk
4191-XOVOM,0.3082,False,Medium Risk
2150-OEGBV,0.0256,False,Low Risk
8429-XIBUM,0.4859,False,Medium Risk
1855-CFULU,0.1673,False,Low Risk
4878-BUNFV,0.0036,False,Low Risk
1872-EBWSC,0.0165,False,Low Risk
2608-BHKFN,0.5905,True,High Risk
7026-YMSBE,0.0183,False,Low Risk
7341-LXCAF,0.717,True,Very High Risk
6997-UVGOX,0.0111,False,Low Risk
9674-EHPPG,0.0518,False,Low Risk
9462-MJUAW,0.408,False,Medium Risk
8128-YVJRG,0.549,True,High Risk
5440-VHLUL,0.2398,False,Low Risk
5781-BKHOP,0.0494,False,Low Risk
4283-FUTGF,0.5448,True,High Risk
5213-TWWJU,0.3402,False,Medium Risk
1569-TTNYJ,0.7215,True,Very High Risk
8628-MFKAX,0.0273,False,Low Risk
2397-BRLOM,0.5828,True,High Risk
7629-WIXZF,0.2924,False,Low Risk
5445-GLVOT,0.3178,False,Medium Risk
3976-HXHCE,0.0405,False,Low Risk
2466-NEJOJ,0.0456,False,Low Risk
0254-KCJGT,0.1007,False,Low Risk
5472-CVMDX,0.0223,False,Low Risk
6461-SZMCV,0.0118,False,Low Risk
8150-QUDFX,0.1097,False,Low Risk
9508-ILZDG,0.4367,False,Medium Risk
2346-DJQTB,0.2998,False,Low Risk
1697-LYYYX,0.0369,False,Low Risk
1942-OQFRW,0.5375,True,High Risk
4749-VFKVB,0.5238,True,High Risk
9640-ZSLDC,0.0913,False,Low Risk
4231-LZUYM,0.004,False,Low Risk
7598-UAASY,0.6447,True,High Risk
7938-OUHIO,0.6829,True,High Risk
8510-AWCXC,0.6661,True,High Risk
6128-AQBMT,0.3266,False,Medium Risk
3594-BDSOA,0.0237,False,Low Risk
0431-APWVY,0.2833,False,Low Risk
5133-VRSAB,0.2444,False,Low Risk
5996-DAOQL,0.2953,False,Low Risk
6838-YAUVY,0.138,False,Low Risk
0484-JPBRU,0.0438,False,Low Risk
7883-ROJOC,0.1912,False,Low Risk
0244-LGNFY,0.0116,False,Low Risk
7274-CGTOD,0.0224,False,Low Risk
4295-YURET,0.054,False,Low Risk
3426-NIYYL,0.3647,False,Medium Risk
8225-BTJAU,0.646,True,High Risk
4635-EJYPD,0.0112,False,Low Risk
1866-ZSLJM,0.0439,False,Low Risk
4636-TVXVG,0.0236,False,Low Risk
4236-UJPWO,0.529,True,High Risk
9392-XBGTD,0.0088,False,Low Risk
3387-VATUS,0.7734,True,Very High Risk
6402-SSEJG,0.1343,False,Low Risk
1143-NMNQJ,0.7711,True,Very High Risk
1169-SAOCL,0.2413,False,Low Risk
1110-KYLGQ,0.188,False,Low Risk
9929-PLVPA,0.0948,False,Low Risk
3518-PZXZQ,0.5042,True,High Risk
2371-JUNGC,0.0882,False,Low Risk
7693-QPEFS,0.284,False,Low Risk
0924-BJCRC,0.302,False,Medium Risk
5074-FBGHB,0.2411,False,Low Risk
2351-BKRZW,0.0485,False,Low Risk
4455-BFSPD,0.1745,False,Low Risk
0415-MOSGF,0.4721,False,Medium Risk
1724-BQUHA,0.7266,True,Very High Risk
3948-KXDUF,0.0217,False,Low Risk
2323-ARSVR,0.1218,False,Low Risk
0815-MFZGM,0.1125,False,Low Risk
4826-XTSOH,0.8409,True,Very High Risk
5480-XTFFL,0.015,False,Low Risk
8295-FHIVV,0.0791,False,Low Risk
2495-INZWQ,0.6053,True,High Risk
9086-YJYXS,0.1098,False,Low Risk
1179-INLAT,0.0552,False,Low Risk
7909-FIOIY,0.1967,False,Low Risk
4139-SUGLD,0.1801,False,Low Risk
6857-VWJDT,0.7923,True,Very High Risk
6351-SCJKT,0.3325,False,Medium Risk
5468-BPMMO,0.0435,False,Low Risk
5624-BQSSA,0.4021,False,Medium Risk
0197-PNKNK,0.0986,False,Low Risk
2439-QKJUL,0.1123,False,Low Risk
1194-SPVSP,0.2628,False,Low Risk
9534-NSXEM,0.0112,False,Low Risk
2408-WITXK,0.5262,True,High Risk
8929-KSWIH,0.1512,False,Low Risk
2250-IVBWA,0.1947,False,Low Risk
1810-MVMAI,0.1192,False,Low Risk
9506-UXUSK,0.5403,True,High Risk
1229-RCALF,0.1829,False,Low Risk
3572-UOLYZ,0.2433,False,Low Risk
1429-UYJSV,0.0333,False,Low Risk
5577-OTWWW,0.1725,False,Low Risk
6100-QQHEB,0.5893,True,High Risk
6366-XIVKZ,0.1739,False,Low Risk
3470-OBUET,0.0331,False,Low Risk
2770-NSVDG,0.3399,False,Medium Risk
9375-MHRRS,0.2642,False,Low Risk
2634-HCZGT,0.1959,False,Low Risk
7503-QQRVF,0.4402,False,Medium Risk
4860-YZGZM,0.0879,False,Low Risk
6599-GZWCM,0.3409,False,Medium Risk
2691-NZETQ,0.7031,True,Very High Risk
4404-HIBDJ,0.1349,False,Low Risk
5533-NHFRF,0.3791,False,Medium Risk
7037-MTYVW,0.0442,False,Low Risk
4760-THGOT,0.33,False,Medium Risk
7295-JOMMD,0.7128,True,Very High Risk
4016-BJKTZ,0.2915,False,Low Risk
6584-VQMYT,0.0735,False,Low Risk
9838-BFCQT,0.0034,False,Low Risk
2790-XUYMV,0.1098,False,Low Risk
0581-MDMPW,0.3831,False,Medium Risk
5013-SBUIH,0.2851,False,Low Risk
1023-BQXZE,0.0397,False,Low Risk
9163-GHAYE,0.2942,False,Low Risk
3904-UKFRE,0.5591,True,High Risk
5353-WILCI,0.148,False,Low Risk
0709-TVGUR,0.6681,True,High Risk
0058-EVZWM,0.2418,False,Low Risk
6023-YEBUP,0.7928,True,Very High Risk
7209-JCUDS,0.6729,True,High Risk
7009-PCARS,0.0256,False,Low Risk
0519-DRGTI,0.0397,False,Low Risk
1017-FBQMM,0.1601,False,Low Risk
3001-CBHLQ,0.4864,False,Medium Risk
1985-MBRYP,0.0123,False,Low Risk
6158-DWPZT,0.3446,False,Medium Risk
9372-TXXPS,0.0166,False,Low Risk
3259-QMXUN,0.0684,False,Low Risk
1015-JPFYW,0.0439,False,Low Risk
6645-MXQJT,0.5042,True,High Risk
4360-QRAVE,0.2535,False,Low Risk
8433-WPJTV,0.2093,False,Low Risk
5804-JMYIO,0.012,False,Low Risk
3763-GCZHZ,0.2804,False,Low Risk
6484-LATFU,0.0113,False,Low Risk
7599-NTMDP,0.0188,False,Low Risk
0772-GYEQQ,0.6715,True,High Risk
0536-ACXIP,0.0767,False,Low Risk
0936-NQLJU,0.0071,False,Low Risk
4831-EOBFE,0.3571,False,Medium Risk
1575-KRZZE,0.3645,False,Medium Risk
3251-YMVWZ,0.0629,False,Low Risk
4102-OQUPX,0.8446,True,Very High Risk
9170-GYZJC,0.1525,False,Low Risk
4884-LEVMQ,0.0124,False,Low Risk
8857-CUPFQ,0.0327,False,Low Risk
7610-TVOPG,0.1181,False,Low Risk
3638-DIMPH,0.2215,False,Low Risk
1845-ZLLIG,0.4902,False,Medium Risk
8559-WNQZS,0.1424,False,Low Risk
3999-QGRJH,0.6034,True,High Risk
1699-UOTXU,0.0449,False,Low Risk
2454-RPBRZ,0.7232,True,Very High Risk
0635-WKOLD,0.0916,False,Low Risk
5993-JSUWV,0.0325,False,Low Risk
4518-FZBSX,0.0116,False,Low Risk
5387-ASZNZ,0.082,False,Low Risk
6988-CJEYV,0.3827,False,Medium Risk
2002-MZHWP,0.3827,False,Medium Risk
3097-FQTVJ,0.009,False,Low Risk
5465-BUBFA,0.0075,False,Low Risk
7299-GNVPL,0.2053,False,Low Risk
9743-DQKQW,0.5441,True,High Risk
1215-VFYVK,0.2533,False,Low Risk
9371-BITHB,0.0056,False,Low Risk
2265-CYWIV,0.7236,True,Very High Risk
9093-FPDLG,0.5552,True,High Risk
0541-FITGH,0.3274,False,Medium Risk
6985-HAYWX,0.3004,False,Medium Risk
7508-KBIMB,0.0913,False,Low Risk
6838-HVLXG,0.0789,False,Low Risk
2277-DJJDL,0.3579,False,Medium Risk
1897-OKVMW,0.0162,False,Low Risk
5485-ITNPC,0.0217,False,Low Risk
0233-FTHAV,0.1544,False,Low Risk
4644-PIZRT,0.1456,False,Low Risk
8922-NPKBJ,0.0103,False,Low Risk
2740-TVLFN,0.5565,True,High Risk
7771-CFQRQ,0.0408,False,Low Risk
9512-PHSMG,0.0745,False,Low Risk
6963-EZQEE,0.0257,False,Low Risk
2452-KDRRH,0.3276,False,Medium Risk
2004-OCQXK,0.8142,True,Very High Risk
5027-QPKTE,0.605,True,High Risk
4146-SVFUD,0.4767,False,Medium Risk
1564-HJUVY,0.2664,False,Low Risk
3617-XLSGQ,0.0869,False,Low Risk
7517-LDMPS,0.6087,True,High Risk
7244-KXYZN,0.0189,False,Low Risk
5226-NOZFC,0.4924,False,Medium Risk
2672-HUYVI,0.7298,True,Very High Risk
1400-WIVLL,0.1822,False,Low Risk
7508-MYBOG,0.6355,True,High Risk
8148-NLEGT,0.0049,False,Low Risk
0148-DCDOS,0.4566,False,Medium Risk
8347-GDTMP,0.0079,False,Low Risk
9992-RRAMN,0.5495,True,High Risk
6746-WAUWT,0.0305,False,Low Risk
0310-MVLET,0.3353,False,Medium Risk
0428-IKYCP,0.3709,False,Medium Risk
4550-VBOFE,0.3951,False,Medium Risk
2187-PKZAY,0.5277,True,High Risk
4003-OCTMP,0.0981,False,Low Risk
6652-YFFJO,0.3542,False,Medium Risk
7225-IILWY,0.0031,False,Low Risk
5248-RPYWW,0.0178,False,Low Risk
7923-IYJWY,0.1116,False,Low Risk
3170-GWYKC,0.2203,False,Low Risk
5696-QURRL,0.521,True,High Risk
7409-KIUTL,0.7649,True,Very High Risk
9830-ECLEN,0.0659,False,Low Risk
1732-VHUBQ,0.3066,False,Medium Risk
0495-RVCBF,0.8194,True,Very High Risk
2668-TZSPS,0.2897,False,Low Risk
7854-EDSSA,0.2824,False,Low Risk
8869-TORSS,0.0703,False,Low Risk
7446-SFAOA,0.0186,False,Low Risk
9522-ZSINC,0.0461,False,Low Risk
8234-GSZYK,0.0216,False,Low Risk
6505-OZNPG,0.1064,False,Low Risk
6164-HAQTX,0.0124,False,Low Risk
0679-IDSTG,0.7817,True,Very High Risk
7765-LWVVH,0.0884,False,Low Risk
1658-TJVOA,0.5523,True,High Risk
0953-LGOVU,0.1715,False,Low Risk
2115-BFTIW,0.3071,False,Medium Risk
4692-NNQRU,0.2275,False,Low Risk
7742-MYPGI,0.2788,False,Low Risk
0611-DFXKO,0.4392,False,Medium Risk
7780-OTDSO,0.5952,True,High Risk
9619-GSATL,0.0917,False,Low Risk
5622-UEJFI,0.0223,False,Low Risk
9747-DDZOS,0.697,True,High Risk
0674-DGMAQ,0.4513,False,Medium Risk
6203-HBZPA,0.0202,False,Low Risk
0484-FFVBJ,0.1409,False,Low Risk
0301-FIDRB,0.0091,False,Low Risk
4139-JPIAM,0.0907,False,Low Risk
2181-TIDSV,0.0047,False,Low Risk
2761-XECQW,0.2985,False,Low Risk
1936-CZAKF,0.0994,False,Low Risk
9453-PATOS,0.0087,False,Low Risk
0564-JJHGS,0.7558,True,Very High Risk
3348-CFRNX,0.3904,False,Medium Risk
4402-FTBXC,0.193,False,Low Risk
1428-GTBJJ,0.5815,True,High Risk
2931-XIQBR,0.1695,False,Low Risk
0106-UGRDO,0.0711,False,Low Risk
5542-TBBWB,0.8223,True,Very High Risk
1930-QPBVZ,0.0478,False,Low Risk
2606-PKWJB,0.0654,False,Low Risk
5322-ZSMZY,0.0157,False,Low Risk
8059-UDZFY,0.3856,False,Medium Risk
7740-BTPUX,0.1649,False,Low Risk
5220-AGAAX,0.0053,False,Low Risk
0208-BPQEJ,0.0915,False,Low Risk
9435-JMLSX,0.0126,False,Low Risk
3352-ALMCK,0.3716,False,Medium Risk
5312-IRCFR,0.2378,False,Low Risk
5294-IMHHT,0.1648,False,Low Risk
8802-UNOJF,0.5558,True,High Risk
6313-GIDIT,0.3264,False,Medium Risk
6176-YJWAS,0.049,False,Low Risk
5310-NOOVA,0.017,False,Low Risk
4526-EXKKN,0.0232,False,Low Risk
5311-IHLEI,0.2178,False,Low Risk
3987-KQDDU,0.4287,False,Medium Risk
3404-JNXAX,0.3341,False,Medium Risk
5131-PONJI,0.2321,False,Low Risk
2845-AFFTX,0.544,True,High Risk
3489-VSFRD,0.0593,False,Low Risk
3345-JHUEO,0.0838,False,Low Risk
5815-HGGHV,0.0992,False,Low Risk
5260-UMPWX,0.0386,False,Low Risk
2249-YPRNG,0.4709,False,Medium Risk
7410-YTJIK,0.5972,True,High Risk
4626-GYCZP,0.7753,True,Very High Risk
5649-RXQTV,0.3812,False,Medium Risk
2674-MIAHT,0.651,True,High Risk
2576-HXMPA,0.1443,False,Low Risk
7587-AOVVU,0.2998,False,Low Risk
5590-BYNII,0.5927,True,High Risk
6898-MDLZW,0.2154,False,Low Risk
3237-AJGEH,0.4019,False,Medium Risk
4707-YNOQA,0.0159,False,Low Risk
9357-UJRUN,0.1383,False,Low Risk
1591-NFNLQ,0.2661,False,Low Risk
8648-PFRMP,0.4941,False,Medium Risk
7663-CUXZB,0.1265,False,Low Risk
0258-NOKBL,0.5893,True,High Risk
1163-VIPRI,0.1036,False,Low Risk
2815-CPTUL,0.5914,True,High Risk
9348-ROUAI,0.0216,False,Low Risk
9443-JUBUO,0.008,False,Low Risk
0596-BQCEQ,0.3393,False,Medium Risk
1481-ZUWZA,0.3492,False,Medium Risk
3043-TYBNO,0.2757,False,Low Risk
4830-FAXFM,0.0562,False,Low Risk
5906-BFOZT,0.3605,False,Medium Risk
2960-NKRSO,0.4002,False,Medium Risk
8996-ZROXE,0.121,False,Low Risk
5598-IKHQQ,0.0098,False,Low Risk
0397-ZXWQF,0.0099,False,Low Risk
5266-PFRQK,0.0153,False,Low Risk
4674-HGNUA,0.013,False,Low Risk
6765-MBQNU,0.0416,False,Low Risk
9786-IJYDL,0.1371,False,Low Risk
1303-SRDOK,0.0936,False,Low Risk
3769-MHZNV,0.017,False,Low Risk
6295-OSINB,0.0773,False,Low Risk
3308-MHOOC,0.2547,False,Low Risk
2309-OSFEU,0.3338,False,Medium Risk
2207-QPJED,0.3022,False,Medium Risk
4177-JPDFU,0.1986,False,Low Risk
2239-CFOUJ,0.2392,False,Low Risk
8046-DNVTL,0.0345,False,Low Risk
2209-XADXF,0.4835,False,Medium Risk
6620-JDYNW,0.1975,False,Low Risk
1891-FZYSA,0.377,False,Medium Risk
4770-UEZOX,0.6343,True,High Risk
1038-RQOST,0.0332,False,Low Risk
7613-LLQFO,0.6682,True,High Risk
4568-TTZRT,0.084,False,Low Risk
9513-DXHDA,0.1192,False,Low Risk
2640-PMGFL,0.4639,False,Medium Risk
3801-HMYNL,0.7451,True,Very High Risk
0516-QREYC,0.0446,False,Low Risk
9685-WKZGT,0.6246,True,High Risk
6022-UGGSO,0.4264,False,Medium Risk
8084-OIVBS,0.0406,False,Low Risk
8896-BQTTI,0.2423,False,Low Risk
3865-QBWSJ,0.2718,False,Low Risk
3352-RICWQ,0.0322,False,Low Risk
2160-GPFXD,0.0243,False,Low Risk
2065-MMKGR,0.1279,False,Low Risk
5857-TYBCJ,0.4659,False,Medium Risk
1498-NHTLT,0.0278,False,Low Risk
4484-CGXFK,0.5238,True,High Risk
1402-PTHGN,0.0974,False,Low Risk
4176-RELJR,0.0076,False,Low Risk
6214-EDAKZ,0.2574,False,Low Risk
5199-FPUSP,0.0827,False,Low Risk
6377-KSLXC,0.1043,False,Low Risk
1796-JANOW,0.1128,False,Low Risk
0238-WHBIQ,0.0108,False,Low Risk
8735-NBLWT,0.0578,False,Low Risk
6651-RLGGM,0.0034,False,Low Risk
6127-ISGTU,0.6056,True,High Risk
1614-JBEBI,0.0885,False,Low Risk
8740-XLHDR,0.3243,False,Medium Risk
1208-DNHLN,0.1913,False,Low Risk
1761-AEZZR,0.8164,True,Very High Risk
3923-CSIHK,0.3958,False,Medium Risk
5696-EXCYS,0.0246,False,Low Risk
5795-KTGUD,0.0972,False,Low Risk
7120-RFMVS,0.8039,True,Very High Risk
7924-GJZFI,0.4306,False,Medium Risk
4702-HDRKD,0.0561,False,Low Risk
8512-WIWYV,0.0107,False,Low Risk
5897-ZYEKH,0.1749,False,Low Risk
5456-ITGIC,0.0207,False,Low Risk
7317-GGVPB,0.1433,False,Low Risk
1406-PUQVY,0.5177,True,High Risk
1322-AGOQM,0.2198,False,Low Risk
3677-IYRBF,0.6556,True,High Risk
5692-FPTAH,0.5121,True,High Risk
9114-AAFQH,0.1305,False,Low Risk
8715-KKTFG,0.2135,False,Low Risk
1550-LOAHA,0.3217,False,Medium Risk
1728-BQDMA,0.4954,False,Medium Risk
0268-QKIWO,0.2025,False,Low Risk
0876-WDUUZ,0.6195,True,High Risk
5117-ZSMHQ,0.0123,False,Low Risk
5151-HQRDG,0.1013,False,Low Risk
0960-HUWBM,0.136,False,Low Risk
6465-GSRCL,0.1772,False,Low Risk
0617-FHSGK,0.2929,False,Low Risk
0263-FJTQO,0.0309,False,Low Risk
7319-ZNRTR,0.0202,False,Low Risk
2858-MOFSQ,0.207,False,Low Risk
7503-EPSZW,0.011,False,Low Risk
7089-XXAYG,0.1946,False,Low Risk
8118-LSUEL,0.598,True,High Risk
8070-AAWZP,0.2069,False,Low Risk
1666-JXLKU,0.4963,False,Medium Risk
7855-DIWPO,0.4549,False,Medium Risk
5133-POWUA,0.5276,True,High Risk
5652-MSDEY,0.5676,True,High Risk
7005-CCBKV,0.6758,True,High Risk
1810-BOHSY,0.1829,False,Low Risk
1784-BXEFA,0.0721,False,Low Risk
7351-MHQVU,0.1897,False,Low Risk
9224-VTYID,0.0242,False,Low Risk
9500-IWPXQ,0.0767,False,Low Risk
5762-TJXGK,0.0511,False,Low Risk
4504-YOULA,0.1179,False,Low Risk
5569-IDSEY,0.1889,False,Low Risk
4250-FDVOU,0.3164,False,Medium Risk
7284-ZZLOH,0.0599,False,Low Risk
5277-ZLOOR,0.7738,True,Very High Risk
2141-RRYGO,0.3789,False,Medium Risk
1777-JYQPJ,0.4778,False,Medium Risk
6376-GAHQE,0.6232,True,High Risk
3401-URHDA,0.0622,False,Low Risk
1599-EAHXY,0.0209,False,Low Risk
8631-XVRZL,0.048,False,Low Risk
5052-PNLOS,0.7063,True,Very High Risk
3853-LYGAM,0.361,False,Medium Risk
6979-ZNSFF,0.7167,True,Very High Risk
5751-USDBL,0.0246,False,Low Risk
5680-LQOGP,0.0191,False,Low Risk
2386-LAHRK,0.5364,True,High Risk
8189-DUKMV,0.0992,False,Low Risk
6032-IGALN,0.533,True,High Risk
9931-DCEZH,0.1209,False,Low Risk
1898-JSNDC,0.1329,False,Low Risk
0315-LVCRK,0.5249,True,High Risk
3911-RSNHI,0.0222,False,Low Risk
2410-CIYFZ,0.0762,False,Low Risk
4248-HCETZ,0.3452,False,Medium Risk
5505-OVWQW,0.032,False,Low Risk
7271-AJDTL,0.28,False,Low Risk
1867-TJHTS,0.2072,False,Low Risk
0516-WJVXC,0.3542,False,Medium Risk
9174-FKWZE,0.496,False,Medium Risk
6860-YRJZP,0.6373,True,High Risk
4429-WYGFR,0.1364,False,Low Risk
2817-LVCPP,0.0108,False,Low Risk
5038-ETMLM,0.0357,False,Low Risk
5056-FIMPT,0.2055,False,Low Risk
4521-WFJAI,0.0394,False,Low Risk
6569-KTMDU,0.2743,False,Low Risk
8809-RIHDD,0.2431,False,Low Risk
8809-XKHMD,0.0562,False,Low Risk
0396-YCHWO,0.4954,False,Medium Risk
0867-LDTTC,0.3015,False,Medium Risk
4822-NGOCH,0.6446,True,High Risk
9391-DXGGG,0.197,False,Low Risk
9844-FELAJ,0.24,False,Low Risk
2122-SZZZD,0.0098,False,Low Risk
5307-DZCVC,0.4159,False,Medium Risk
3148-AOIQT,0.01,False,Low Risk
8679-JOEVF,0.3629,False,Medium Risk
8395-ETZKQ,0.0276,False,Low Risk
6692-YQHXC,0.3796,False,Medium Risk
3889-VWBID,0.0213,False,Low Risk
5222-JCXZT,0.0845,False,Low Risk
9754-CLVZW,0.1312,False,Low Risk
1432-FPAXX,0.3527,False,Medium Risk
2739-CCZMB,0.0904,False,Low Risk
7080-TNUWP,0.1627,False,Low Risk
0496-AHOOK,0.0913,False,Low Risk
8336-TAVKX,0.0229,False,Low Risk
2468-SJFLM,0.5852,True,High Risk
3181-VTHOE,0.0953,False,Low Risk
7168-HDQHG,0.0482,False,Low Risk
4803-AXVYP,0.4905,False,Medium Risk
3884-HCSWG,0.5125,True,High Risk
4567-AKPIA,0.224,False,Low Risk
5077-DXTCG,0.591,True,High Risk
1142-WACZW,0.4559,False,Medium Risk
7901-HXJVA,0.4729,False,Medium Risk
5649-ANRML,0.6485,True,High Risk
4892-VLANZ,0.3408,False,Medium Risk
5924-IFQTT,0.2436,False,Low Risk
7968-QUXNS,0.0751,False,Low Risk
2919-HBCJO,0.6049,True,High Risk
4236-XPXAV,0.6996,True,High Risk
8903-WMRNW,0.5009,True,High Risk
2452-SNHFZ,0.2138,False,Low Risk
3629-WEAAM,0.2019,False,Low Risk
6029-CSMJE,0.2396,False,Low Risk
7993-NQLJE,0.2839,False,Low Risk
9909-DFRJA,0.2172,False,Low Risk
9099-FTUHS,0.194,False,Low Risk
0581-BXBUB,0.5409,True,High Risk
4962-CHQPW,0.0124,False,Low Risk
9467-ROOLM,0.0396,False,Low Risk
3030-YZADT,0.2767,False,Low Risk
7410-KTVFV,0.1994,False,Low Risk
5150-ITWWB,0.7917,True,Very High Risk
2253-KPMNB,0.0165,False,Low Risk
1345-ZUKID,0.0299,False,Low Risk
6429-SHBCB,0.1794,False,Low Risk
9281-OFDMF,0.4039,False,Medium Risk
2603-HVKCG,0.4384,False,Medium Risk
1834-WULEG,0.0131,False,Low Risk
9097-ZUBYC,0.2011,False,Low Risk
5148-ORICT,0.0273,False,Low Risk
4893-GYUJU,0.0291,False,Low Risk
4578-PHJYZ,0.0923,False,Low Risk
7272-QDCKA,0.3106,False,Medium Risk
8908-SLFCJ,0.0249,False,Low Risk
8393-DLHGA,0.4997,False,Medium Risk
9766-HGEDE,0.0275,False,Low Risk
6968-MHOMU,0.1317,False,Low Risk
7395-IGJOS,0.4316,False,Medium Risk
5044-XDPYX,0.0094,False,Low Risk
1814-WFGVS,0.0154,False,Low Risk
2834-SPCJV,0.3521,False,Medium Risk
3721-WKIIL,0.0176,False,Low Risk
6734-CKRSM,0.1235,False,Low Risk
1265-ZFOSD,0.0192,False,Low Risk
6568-POCUI,0.1148,False,Low Risk
7890-VYYWG,0.5921,True,High Risk
5197-LQXXH,0.025,False,Low Risk
9907-SWKKF,0.5873,True,High Risk
3457-PQBYH,0.0041,False,Low Risk
7682-AZNDK,0.363,False,Medium Risk
0587-DMGBH,0.4008,False,Medium Risk
5384-ZTTWP,0.0709,False,Low Risk
3745-HRPHI,0.029,False,Low Risk
7636-OWBPG,0.2627,False,Low Risk
1231-YNDEK,0.0342,False,Low Risk
1407-DIGZV,0.0286,False,Low Risk
6397-JNZZG,0.2525,False,Low Risk
0570-BFQHT,0.5071,True,High Risk
4393-OBCRR,0.0576,False,Low Risk
3523-QRQLL,0.1692,False,Low Risk
8564-LDKFL,0.2848,False,Low Risk
3696-DFHHB,0.0071,False,Low Risk
0895-DQHEW,0.4386,False,Medium Risk
4717-GHADL,0.0445,False,Low Risk
5501-TVMGM,0.5912,True,High Risk
5879-HMFFH,0.0102,False,Low Risk
6772-WFQRD,0.0158,False,Low Risk
3810-DVDQQ,0.0357,False,Low Risk
6972-SNKKW,0.1068,False,Low Risk
3694-GLTJM,0.1132,False,Low Risk
8550-XSXUQ,0.1094,False,Low Risk
8149-RSOUN,0.8498,True,Very High Risk
9055-MOJJJ,0.0363,False,Low Risk
4359-INNWN,0.041,False,Low Risk
0585-EGDDA,0.3656,False,Medium Risk
4032-RMHCI,0.0907,False,Low Risk
0549-CYCQN,0.1748,False,Low Risk
3481-JHUZH,0.4156,False,Medium Risk
7250-EQKIY,0.4918,False,Medium Risk
3594-IVHJZ,0.0958,False,Low Risk
6869-FGJJC,0.1186,False,Low Risk
3896-ZVNET,0.0325,False,Low Risk
8205-VSLRB,0.0292,False,Low Risk
5960-MVTUK,0.5083,True,High Risk
6817-WTYHE,0.4537,False,Medium Risk
3082-VQXNH,0.3747,False,Medium Risk
4013-UBXWQ,0.4772,False,Medium Risk
4931-TRZWN,0.3291,False,Medium Risk
0750-EKNGL,0.0894,False,Low Risk
7669-LCRSD,0.2146,False,Low Risk
3567-PQTSO,0.2855,False,Low Risk
5519-NPHVG,0.7052,True,Very High Risk
8043-PNYSD,0.0085,False,Low Risk
9938-EKRGF,0.1676,False,Low Risk
2703-AMTUL,0.0647,False,Low Risk
0928-JMXNP,0.5472,True,High Risk
8173-RXAYP,0.0095,False,Low Risk
4825-XJGDM,0.0595,False,Low Risk
5402-HTOTQ,0.3006,False,Medium Risk
6734-JDTTV,0.0038,False,Low Risk
7850-THJMU,0.0102,False,Low Risk
3890-RTCMS,0.2328,False,Low Risk
8849-GYOKR,0.1818,False,Low Risk
3148-BLQJT,0.3913,False,Medium Risk
3717-FDJFU,0.0268,False,Low Risk
3665-JATSN,0.3802,False,Medium Risk
7966-YOTQW,0.2435,False,Low Risk
0461-CVKMU,0.3809,False,Medium Risk
8806-EAGWC,0.4381,False,Medium Risk
8853-TZDGH,0.07,False,Low Risk
7779-LGOVN,0.7347,True,Very High Risk
4324-BZCKL,0.2139,False,Low Risk
6924-TDGMT,0.0409,False,Low Risk
9710-ZUSHQ,0.3066,False,Medium Risk
1536-YHDOE,0.1046,False,Low Risk
8123-QBNAZ,0.3192,False,Medium Risk
3629-ZNKXA,0.5348,True,High Risk
4827-LTQRJ,0.158,False,Low Risk
7711-YIJWC,0.0806,False,Low Risk
5482-VXSXJ,0.4111,False,Medium Risk
7365-BVCJH,0.6203,True,High Risk
9620-ENEJV,0.4975,False,Medium Risk
4183-WCSEP,0.3957,False,Medium Risk
2378-YIZKA,0.013,False,Low Risk
5498-TXHLF,0.4162,False,Medium Risk
0689-DSXGL,0.1346,False,Low Risk
6818-DJXAA,0.5325,True,High Risk
9722-UJOJR,0.4465,False,Medium Risk
0464-WJTKO,0.0034,False,Low Risk
8902-ZEOVF,0.0107,False,Low Risk
6778-EICRF,0.099,False,Low Risk
2662-NNTDK,0.0329,False,Low Risk
4132-KALRO,0.7053,True,Very High Risk
3902-FOIGH,0.6976,True,High Risk
6772-KSATR,0.7295,True,Very High Risk
7112-OPOTK,0.4076,False,Medium Risk
2874-YXVVA,0.3734,False,Medium Risk
1245-HARPS,0.0195,False,Low Risk
4210-QFJMF,0.6878,True,High Risk
4323-ELYYB,0.0404,False,Low Risk
4293-ETKAP,0.0454,False,Low Risk
6064-PUPMC,0.0661,False,Low Risk
6504-VBLFL,0.061,False,Low Risk
6322-PJJDJ,0.2168,False,Low Risk
0330-BGYZE,0.1987,False,Low Risk
1085-LDWAM,0.0274,False,Low Risk
7586-ZATGZ,0.4871,False,Medium Risk
7197-VOJMM,0.0252,False,Low Risk
3318-OSATS,0.5418,True,High Risk
5828-AVIPD,0.3926,False,Medium Risk
1843-TLSGD,0.0139,False,Low Risk
9626-VFRGG,0.3259,False,Medium Risk
7075-BNDVQ,0.2861,False,Low Risk
9143-CANJF,0.1705,False,Low Risk
7284-BUYEC,0.3496,False,Medium Risk
2041-JIJCI,0.4068,False,Medium Risk
1086-LXKFY,0.7531,True,Very High Risk
4900-MSOMT,0.0184,False,Low Risk
2229-VWQJH,0.1934,False,Low Risk
9194-GFVOI,0.0397,False,Low Risk
1336-EZFZY,0.1162,False,Low Risk
4282-MSACW,0.2132,False,Low Risk
1403-LKLIK,0.0217,False,Low Risk
2636-ALXXZ,0.8176,True,Very High Risk
7774-OJSXI,0.3837,False,Medium Risk
7786-WBJYI,0.6021,True,High Risk
0136-IFMYD,0.1427,False,Low Risk
5144-TVGLP,0.4716,False,Medium Risk
9643-AVVWI,0.6459,True,High Risk
0253-ZTEOB,0.0595,False,Low Risk
2706-QZIHY,0.036,False,Low Risk
6061-PQHMK,0.0197,False,Low Risk
9885-CSMWE,0.804,True,Very High Risk
6137-MFAJN,0.2246,False,Low Risk
9122-UMROB,0.3052,False,Medium Risk
4232-JGKIY,0.2595,False,Low Risk
2402-TAIRZ,0.2066,False,Low Risk
9659-ZTWSM,0.1963,False,Low Risk
9139-TWBAS,0.1176,False,Low Risk
6685-GBWJZ,0.0597,False,Low Risk
5016-ETTFF,0.3034,False,Medium Risk
3866-MDTUB,0.5145,True,High Risk
2195-VVRJF,0.2405,False,Low Risk
3913-RDSJZ,0.004,False,Low Risk
8058-JMEQO,0.7237,True,Very High Risk
4203-QGNZA,0.0352,False,Low Risk
5043-TRZWM,0.7295,True,Very High Risk
0697-ZMSWS,0.7507,True,Very High Risk
7657-DYEPJ,0.1982,False,Low Risk
9494-BDNNC,0.2593,False,Low Risk
1640-PLFMP,0.779,True,Very High Risk
5366-OBVMR,0.1875,False,Low Risk
8276-MQBYC,0.4956,False,Medium Risk
7644-OMVMY,0.0861,False,Low Risk
7593-XFKDI,0.4973,False,Medium Risk
4573-JKNAE,0.044,False,Low Risk
0337-CNPZE,0.4808,False,Medium Risk
9817-APLHW,0.0695,False,Low Risk
8380-MQINP,0.0107,False,Low Risk
0840-DFEZH,0.6684,True,High Risk
1513-XNPPH,0.5747,True,High Risk
8690-ZVLCL,0.0139,False,Low Risk
6015-VVHHE,0.7095,True,Very High Risk
1125-SNVCK,0.1746,False,Low Risk
0384-LPITE,0.1122,False,Low Risk
4616-EWBNJ,0.0711,False,Low Risk
6347-DCUIK,0.5695,True,High Risk
1335-HQMKX,0.2338,False,Low Risk
2545-EBUPK,0.7796,True,Very High Risk
6923-AQONU,0.0045,False,Low Risk
2172-EJXVF,0.2399,False,Low Risk
0897-FEGMU,0.7265,True,Very High Risk
7663-RGWBC,0.5079,True,High Risk
1120-BMWUB,0.2209,False,Low Risk
9124-LHCJQ,0.8246,True,Very High Risk
4536-PLEQY,0.501,True,High Risk
7029-IJEJK,0.0647,False,Low Risk
8871-JLMHM,0.0583,False,Low Risk
2235-ZGKPT,0.3778,False,Medium Risk
3891-PUQOD,0.5138,True,High Risk
5447-VYTKW,0.0842,False,Low Risk
3623-FQBOX,0.0519,False,Low Risk
0689-NKYLF,0.6013,True,High Risk
8659-HDIYE,0.1355,False,Low Risk
3658-KIBGF,0.4985,False,Medium Risk
3474-BAFSJ,0.0292,False,Low Risk
5519-YLDGW,0.5841,True,High Risk
3865-ZFZIB,0.0207,False,Low Risk
1855-AGAWH,0.3486,False,Medium Risk
7109-CQYUZ,0.025,False,Low Risk
1370-GGAWX,0.2647,False,Low Risk
4680-KUTAJ,0.3418,False,Medium Risk
5307-UVGNB,0.1226,False,Low Risk
4946-EDSEW,0.0953,False,Low Risk
2883-ILGWO,0.2672,False,Low Risk
2516-VQRRV,0.7037,True,Very High Risk
7580-UGXNC,0.4922,False,Medium Risk
3642-BYHDO,0.0035,False,Low Risk
9629-NHXFW,0.3829,False,Medium Risk
2696-RZVZW,0.0059,False,Low Risk
5766-FTRTS,0.0087,False,Low Risk
0396-HUJBP,0.0957,False,Low Risk
5178-LMXOP,0.858,True,Very High Risk
8879-ZKJOF,0.1001,False,Low Risk
6285-FTQBF,0.0032,False,Low Risk
8185-UPYBR,0.7107,True,Very High Risk
4585-HETAI,0.6374,True,High Risk
7526-BEZQB,0.7135,True,Very High Risk
1474-JUWSM,0.0868,False,Low Risk
3530-CRZSB,0.101,False,Low Risk
8498-XXGWA,0.0906,False,Low Risk
9617-INGJY,0.7204,True,Very High Risk
0621-TSSMU,0.0227,False,Low Risk
7234-KMNRQ,0.0847,False,Low Risk
7636-PEPNS,0.0933,False,Low Risk
4683-WYDOU,0.2041,False,Low Risk
9052-DHNKM,0.114,False,Low Risk
6794-HKIAJ,0.1461,False,Low Risk
5578-NKCXI,0.1435,False,Low Risk
1642-HMARX,0.0339,False,Low Risk
3096-WPXBT,0.159,False,Low Risk
8434-PNQZX,0.0466,False,Low Risk
5950-AAAGJ,0.3766,False,Medium Risk
4299-OPXEJ,0.0305,False,Low Risk
4951-UKAAQ,0.7406,True,Very High Risk
9618-LFJRU,0.1105,False,Low Risk
6693-DJWTY,0.0775,False,Low Risk
0744-GKNGE,0.1394,False,Low Risk
6447-EGDIV,0.0274,False,Low Risk
1167-OYZJF,0.0067,False,Low Risk
2108-YKQTY,0.3783,False,Medium Risk
4806-DXQCE,0.0687,False,Low Risk
4918-QLLIW,0.4374,False,Medium Risk
7056-IMHCC,0.4545,False,Medium Risk
4854-SSLTN,0.1391,False,Low Risk
5294-DMSFH,0.3966,False,Medium Risk
4837-PZTIC,0.0287,False,Low Risk
1625-JAIIY,0.3021,False,Medium Risk
0603-OLQDC,0.2162,False,Low Risk
3272-VUHPV,0.2048,False,Low Risk
4176-FXYBO,0.2807,False,Low Risk
1063-DHQJF,0.059,False,Low Risk
8663-UPDGF,0.1422,False,Low Risk
6719-FGEDO,0.0351,False,Low Risk
1837-YQUCE,0.014,False,Low Risk
2947-DOMLJ,0.412,False,Medium Risk
4112-LUEIZ,0.6818,True,High Risk
0369-ZGOVK,0.2259,False,Low Risk
4510-HIMLV,0.8223,True,Very High Risk
9919-KNPOO,0.5653,True,High Risk
8749-JMNKX,0.3041,False,Medium Risk
7872-BAAZR,0.0364,False,Low Risk
9391-LMANN,0.1569,False,Low Risk
2430-USGXP,0.5856,True,High Risk
8174-TBVCF,0.0212,False,Low Risk
1698-XFZCI,0.2335,False,Low Risk
1877-HKBQX,0.1297,False,Low Risk
4450-DLLMH,0.5901,True,High Risk
0428-AXXLJ,0.0193,False,Low Risk
2746-DIJLO,0.1302,False,Low Risk
5955-ERIHD,0.5772,True,High Risk
0917-EZOLA,0.1976,False,Low Risk
3508-VLHCZ,0.0111,False,Low Risk
4086-ATNFV,0.0729,False,Low Risk
0468-YRPXN,0.3162,False,Medium Risk
5996-NRVXR,0.1532,False,Low Risk
3739-YBWAB,0.0926,False,Low Risk
7047-FWEYA,0.2781,False,Low Risk
2000-MPKCA,0.2456,False,Low Risk
9762-YAQAA,0.1807,False,Low Risk
5949-EBSQK,0.2691,False,Low Risk
5473-KHBPS,0.1697,False,Low Risk
0100-DUVFC,0.2693,False,Low Risk
5397-TUPSH,0.1466,False,Low Risk
8950-MTZNV,0.5153,True,High Risk
0326-VDYXE,0.2793,False,Low Risk
6773-LQTVT,0.2261,False,Low Risk
7274-RTAPZ,0.8109,True,Very High Risk
0436-TWFFZ,0.0268,False,Low Risk
8566-YPRGL,0.3647,False,Medium Risk
0311-UNPFF,0.4052,False,Medium Risk
6609-MXJHJ,0.0549,False,Low Risk
2669-OIDSD,0.2404,False,Low Risk
8400-WZICQ,0.1248,False,Low Risk
3834-XUIFC,0.7001,True,Very High Risk
9576-SYUHJ,0.3857,False,Medium Risk
0410-IPFTY,0.3724,False,Medium Risk
2831-EBWRN,0.5222,True,High Risk
9430-NKQLY,0.0132,False,Low Risk
8414-MYSHR,0.7372,True,Very High Risk
0247-SLUJI,0.3161,False,Medium Risk
9402-ORRAH,0.5813,True,High Risk
6483-OATDN,0.2111,False,Low Risk
1293-HHSHJ,0.0187,False,Low Risk
4840-ORQXB,0.3725,False,Medium Risk
7599-FKVXZ,0.3763,False,Medium Risk
3982-DQLUS,0.2126,False,Low Risk
8610-ZIKJJ,0.1066,False,Low Risk
3756-VNWDH,0.2273,False,Low Risk
7801-KICAO,0.4913,False,Medium Risk
7673-LPRNY,0.1404,False,Low Risk
8229-TNIQA,0.4159,False,Medium Risk
6060-QBMGV,0.0031,False,Low Risk
7339-POGZN,0.4594,False,Medium Risk
2828-SLQPF,0.2491,False,Low Risk
4465-VDKIQ,0.3906,False,Medium Risk
2921-XWDJH,0.3592,False,Medium Risk
6221-AVQYL,0.6584,True,High Risk
2558-BUOZZ,0.1401,False,Low Risk
9257-AZMTZ,0.0064,False,Low Risk
0003-MKNFE,0.2592,False,Low Risk
0975-UYDTX,0.1189,False,Low Risk
7743-EXURX,0.4309,False,Medium Risk
4682-BLBUC,0.1039,False,Low Risk
0975-VOOVL,0.363,False,Medium Risk
5968-VXZLG,0.5248,True,High Risk
5569-KGJHX,0.6478,True,High Risk
4988-IQIGL,0.8338,True,Very High Risk
5201-FRKKS,0.2515,False,Low Risk
9799-CAYJJ,0.6049,True,High Risk
7730-IUTDZ,0.3755,False,Medium Risk
0426-TIRNE,0.4112,False,Medium Risk
5443-SCMKX,0.2592,False,Low Risk
8295-KMENE,0.0255,False,Low Risk
6738-ISCBM,0.1411,False,Low Risk
9821-BESNZ,0.2828,False,Low Risk
3678-MNGZX,0.0032,False,Low Risk
1335-NTIUC,0.5119,True,High Risk
2916-BQZLN,0.4548,False,Medium Risk
4558-CGYCZ,0.1091,False,Low Risk
2368-GAKKQ,0.0809,False,Low Risk
8710-YGLWG,0.5153,True,High Risk
3199-XGZCY,0.652,True,High Risk
3785-KTYSH,0.0231,False,Low Risk
6814-ZPWFQ,0.0432,False,Low Risk
4063-EIKNQ,0.0701,False,Low Risk
6993-YCOBK,0.1286,False,Low Risk
5206-HPJKM,0.1983,False,Low Risk
7587-RZNME,0.5354,True,High Risk
0748-RDGGM,0.2118,False,Low Risk
8393-JMVMB,0.3007,False,Medium Risk
5019-GQVCR,0.5013,True,High Risk
6036-TTFYU,0.0755,False,Low Risk
2550-AEVRU,0.0839,False,Low Risk
0969-RGKCU,0.0074,False,Low Risk
0378-CJKPV,0.0251,False,Low Risk
4706-AXVKM,0.6074,True,High Risk
5889-JTMUL,0.4217,False,Medium Risk
9026-RNUJS,0.5324,True,High Risk
3746-EUBYR,0.7788,True,Very High Risk
2332-EFBJY,0.1262,False,Low Risk
2880-FPNAE,0.626,True,High Risk
1703-MGIAB,0.2125,False,Low Risk
4311-QTTAI,0.05,False,Low Risk
9474-PHLYD,0.3601,False,Medium Risk
4318-RAJVY,0.0466,False,Low Risk
2165-VOEGB,0.1893,False,Low Risk
3612-YUNGG,0.0924,False,Low Risk
2254-DLXRI,0.7675,True,Very High Risk
5062-CJJKH,0.1108,False,Low Risk
9028-LIHRP,0.0367,False,Low Risk
2219-MVUSO,0.2941,False,Low Risk
1053-MXTTK,0.0487,False,Low Risk
1530-ZTDOZ,0.1198,False,Low Risk
1301-LOPVR,0.0854,False,Low Risk
0853-TWRVK,0.0537,False,Low Risk
8914-RBTSB,0.3917,False,Medium Risk
6212-ATMLK,0.4737,False,Medium Risk
8200-LGKSR,0.0499,False,Low Risk
1568-BEKZM,0.0281,False,Low Risk
0670-ANMUU,0.1393,False,Low Risk
6897-RWMUB,0.0147,False,Low Risk
0963-ZBDRN,0.4148,False,Medium Risk
7594-RQHXR,0.8026,True,Very High Risk
6999-CHVCF,0.0884,False,Low Risk
6134-KWTBV,0.0085,False,Low Risk
1077-HUUJM,0.6102,True,High Risk
6331-EWIEB,0.567,True,High Risk
0895-LNKRC,0.0428,False,Low Risk
2045-BMBTJ,0.2025,False,Low Risk
8417-GSODA,0.2393,False,Low Risk
5171-EPLKN,0.0099,False,Low Risk
4452-QIIEB,0.2762,False,Low Risk
5998-VVEJY,0.4907,False,Medium Risk
1624-NALOJ,0.7509,True,Very High Risk
6741-EGCBI,0.3343,False,Medium Risk
7820-ZYGNY,0.1691,False,Low Risk
4317-VTEOA,0.5542,True,High Risk
9677-AVKED,0.1284,False,Low Risk
1670-SVOWZ,0.4794,False,Medium Risk
2227-JRSJX,0.3852,False,Medium Risk
9847-HNVGP,0.0286,False,Low Risk
6696-YDAYZ,0.0134,False,Low Risk
8980-WQFWL,0.1905,False,Low Risk
1730-ZMAME,0.4363,False,Medium Risk
6506-EYCNH,0.0648,False,Low Risk
4634-JLRJT,0.3494,False,Medium Risk
9501-UKKNL,0.1996,False,Low Risk
2560-QTSBS,0.0265,False,Low Risk
7541-YLXCL,0.1621,False,Low Risk
4795-WRNVT,0.1168,False,Low Risk
6080-TCMYC,0.4255,False,Medium Risk
0260-ZDLGK,0.3437,False,Medium Risk
7860-UXCRM,0.0313,False,Low Risk
6357-JJPQT,0.6753,True,High Risk
2292-XQWSV,0.1259,False,Low Risk
9552-TGUZV,0.4606,False,Medium Risk
5913-INRQV,0.1592,False,Low Risk
8722-NGNBH,0.2796,False,Low Risk
6210-KBBPI,0.6893,True,High Risk
9643-YBLUR,0.2655,False,Low Risk
8734-FNWVH,0.1271,False,Low Risk
9447-YPTBX,0.0199,False,Low Risk
0133-BMFZO,0.5685,True,High Risk
6128-CZOMY,0.5922,True,High Risk
9540-JYROE,0.5348,True,High Risk
9026-LHEVG,0.3681,False,Medium Risk
2260-USTRB,0.657,True,High Risk
3656-TKRVZ,0.4152,False,Medium Risk
7011-CVEUC,0.3258,False,Medium Risk
6185-TASNN,0.5762,True,High Risk
7925-PNRGI,0.0853,False,Low Risk
8623-TMRBY,0.4103,False,Medium Risk
1552-CZCLL,0.0351,False,Low Risk
3038-PQIUY,0.1276,False,Low Risk
1501-SGHBW,0.4953,False,Medium Risk
9313-CDOGY,0.0335,False,Low Risk
8148-BPLZQ,0.1874,False,Low Risk
2623-DRYAM,0.2729,False,Low Risk
9987-LUTYD,0.0988,False,Low Risk
3208-YPIOE,0.4226,False,Medium Risk
4488-KQFDT,0.294,False,Low Risk
2612-RANWT,0.6841,True,High Risk
5693-PIPCS,0.1079,False,Low Risk
0491-KAPQG,0.4996,False,Medium Risk
1925-LFCZZ,0.1651,False,Low Risk
8039-EQPIM,0.0152,False,Low Risk
6900-PXRMS,0.5195,True,High Risk
8707-RMEZH,0.1542,False,Low Risk
3346-BRMIS,0.5198,True,High Risk
3209-ZPKFI,0.1615,False,Low Risk
6479-VDGRK,0.0129,False,Low Risk
9373-WSLOY,0.2017,False,Low Risk
2933-FILNV,0.5032,True,High Risk
3569-JFODW,0.0101,False,Low Risk
9819-FBNSV,0.335,False,Medium Risk
9544-PYPSJ,0.2337,False,Low Risk
1591-XWLGB,0.0031,False,Low Risk
0396-UKGAI,0.1443,False,Low Risk
3243-ZHOHY,0.0426,False,Low Risk
5186-EJEGL,0.2464,False,Low Risk
7527-QNRUS,0.0507,False,Low Risk
9986-BONCE,0.1301,False,Low Risk
2722-JMONI,0.5841,True,High Risk
2203-GHNWN,0.342,False,Medium Risk
3878-AVSOQ,0.7802,True,Very High Risk
3258-SYSWS,0.0463,False,Low Risk
5296-PSYVW,0.0129,False,Low Risk
6319-QSUSR,0.1093,False,Low Risk
4083-EUGRJ,0.102,False,Low Risk
7579-OOPEC,0.4488,False,Medium Risk
0512-FLFDW,0.2281,False,Low Risk
1771-OADNZ,0.5087,True,High Risk
0487-CRLZF,0.037,False,Low Risk
2107-FBPTK,0.501,True,High Risk
9451-WLYRI,0.0353,False,Low Risk
8219-VYBVI,0.0105,False,Low Risk
1991-VOPLL,0.0803,False,Low Risk
9738-QLWTP,0.194,False,Low Risk
1016-DJTSV,0.6024,True,High Risk
9419-IPPBE,0.2654,False,Low Risk
0174-QRVVY,0.0039,False,Low Risk
5699-BNCAS,0.0065,False,Low Risk
2900-PHPLN,0.0093,False,Low Risk
0612-RTZZA,0.6429,True,High Risk
8106-GWQOK,0.0386,False,Low Risk
8751-EDEKA,0.3027,False,Medium Risk
6878-GGDWG,0.0712,False,Low Risk
4039-PIMHX,0.0876,False,Low Risk
8450-LUGUK,0.0112,False,Low Risk
3604-WLABM,0.3111,False,Medium Risk
0795-GMVQO,0.1502,False,Low Risk
2259-OUUSZ,0.2383,False,Low Risk
1142-IHLOO,0.1834,False,Low Risk
6410-LEFEN,0.4033,False,Medium Risk
4633-MKHYU,0.6256,True,High Risk
6257-RJOHI,0.3499,False,Medium Risk
1545-JFUML,0.0987,False,Low Risk
3194-ORPIK,0.3309,False,Medium Risk
7826-VVKWT,0.3061,False,Medium Risk
1353-GHZOS,0.1211,False,Low Risk
2587-EKXTS,0.3395,False,Medium Risk
5442-BXVND,0.0369,False,Low Risk
8816-VXNZD,0.8162,True,Very High Risk
9378-FXTIZ,0.0999,False,Low Risk
1723-HKXJQ,0.5121,True,High Risk
7825-GKXMW,0.5493,True,High Risk
9753-OYLBX,0.3827,False,Medium Risk
2364-UFROM,0.0909,False,Low Risk
6656-JWRQX,0.381,False,Medium Risk
6473-ULUHT,0.2495,False,Low Risk
1240-KNSEZ,0.4662,False,Medium Risk
0836-SEYLU,0.3288,False,Medium Risk
4433-JCGCG,0.5073,True,High Risk
3716-BDVDB,0.8041,True,Very High Risk
7688-AWMDX,0.0213,False,Low Risk
2842-BCQGE,0.3219,False,Medium Risk
7244-QWYHG,0.0558,False,Low Risk
5899-MQZZL,0.5214,True,High Risk
6849-OYAMU,0.3164,False,Medium Risk
5312-UXESG,0.336,False,Medium Risk
9488-HGMJH,0.7802,True,Very High Risk
6038-GCYEC,0.2662,False,Low Risk
2150-WLKUW,0.0923,False,Low Risk
7159-FVYPK,0.3684,False,Medium Risk
7032-LMBHI,0.0654,False,Low Risk
1150-WFARN,0.0981,False,Low Risk
6088-BXMRG,0.4389,False,Medium Risk
3144-AUDBS,0.4523,False,Medium Risk
4821-SJHJV,0.3103,False,Medium Risk
7346-MEDWM,0.3322,False,Medium Risk
1137-DGOWI,0.0977,False,Low Risk
5616-PRTNT,0.2509,False,Low Risk
3812-LRZIR,0.0287,False,Low Risk
4818-QIUFN,0.4854,False,Medium Risk
9483-GCPWE,0.0402,False,Low Risk
4227-OJHAL,0.0682,False,Low Risk
9220-CXRSC,0.0244,False,Low Risk
4993-JCRGJ,0.2966,False,Low Risk
9537-JALFH,0.0032,False,Low Risk
6698-OXETB,0.024,False,Low Risk
2103-ZRXFN,0.4965,False,Medium Risk
3724-BSCVH,0.0339,False,Low Risk
4877-TSOFF,0.067,False,Low Risk
9209-NWPGU,0.1051,False,Low Risk
6961-VCPMC,0.4262,False,Medium Risk
7306-YDSOI,0.0197,False,Low Risk
5288-AHOUP,0.5833,True,High Risk
6688-UZPWD,0.7139,True,Very High Risk
0655-YDGFJ,0.1424,False,Low Risk
8468-EHYJA,0.3059,False,Medium Risk
6823-SIDFQ,0.0139,False,Low Risk
1097-FSPVW,0.1163,False,Low Risk
2839-RFSQE,0.1177,False,Low Risk
8328-SKJNO,0.083,False,Low Risk
7010-ZMVBF,0.056,False,Low Risk
5201-CBWYG,0.0162,False,Low Risk
0968-GSIKN,0.7389,True,Very High Risk
1965-DDBWU,0.4056,False,Medium Risk
9057-SIHCH,0.7925,True,Very High Risk
6352-GIGGQ,0.1002,False,Low Risk
3635-QQRQD,0.0086,False,Low Risk
6771-XWBDM,0.3128,False,Medium Risk
2897-DOVND,0.6425,True,High Risk
3082-YVEKW,0.0521,False,Low Risk
0191-EQUUH,0.0673,False,Low Risk
7134-HBPBS,0.0823,False,Low Risk
3489-HHPFY,0.7178,True,Very High Risk
2926-JEJJC,0.0845,False,Low Risk
8601-QACRS,0.3865,False,Medium Risk
4950-BDEUX,0.2427,False,Low Risk
5789-LDFXO,0.0513,False,Low Risk
0508-OOLTO,0.5952,True,High Risk
2984-TBYKU,0.0478,False,Low Risk
9822-WMWVG,0.3367,False,Medium Risk
2391-SOORI,0.3833,False,Medium Risk
9040-KZVWO,0.184,False,Low Risk
2645-QTLMB,0.712,True,Very High Risk
4806-HIPDW,0.7861,True,Very High Risk
1548-ARAGG,0.2985,False,Low Risk
6339-RZCBJ,0.0283,False,Low Risk
4424-TKOPW,0.8149,True,Very High Risk
4415-WNGVR,0.2204,False,Low Risk
2522-AHJXR,0.2234,False,Low Risk
0412-UCCNP,0.0594,False,Low Risk
1816-FLZDK,0.3996,False,Medium Risk
7096-UCLNH,0.3719,False,Medium Risk
8443-ZRDBZ,0.7115,True,Very High Risk
9136-ALYBR,0.5438,True,High Risk
4615-PIVVU,0.053,False,Low Risk
8885-QSQBX,0.4113,False,Medium Risk
7479-NITWS,0.6809,True,High Risk
8617-ENBDS,0.5418,True,High Risk
9385-NXKDA,0.0319,False,Low Risk
0430-IHCDJ,0.4176,False,Medium Risk
2959-MJHIC,0.6868,True,High Risk
6674-KVJHG,0.0606,False,Low Risk
1814-DKOLC,0.1191,False,Low Risk
4201-JMNGR,0.5761,True,High Risk
9351-HXDMR,0.0963,False,Low Risk
3537-HPKQT,0.2541,False,Low Risk
2129-ALKBS,0.0399,False,Low Risk
5821-MMEIL,0.0076,False,Low Risk
5960-WPXQM,0.8164,True,Very High Risk
0684-AOSIH,0.7474,True,Very High Risk
8260-NGFNY,0.4762,False,Medium Risk
1309-XGFSN,0.15,False,Low Risk
1866-RZZQS,0.543,True,High Risk
6968-URWQU,0.141,False,Low Risk
4742-TXUEX,0.0078,False,Low Risk
9631-XEYKE,0.4374,False,Medium Risk
8631-NBHFZ,0.1314,False,Low Risk
1335-MXCSE,0.0368,False,Low Risk
8873-TMKGR,0.0159,False,Low Risk
8800-JOOCF,0.6033,True,High Risk
1469-LBJQJ,0.374,False,Medium Risk
4958-XCBDQ,0.5344,True,High Risk
8337-UPOAQ,0.7263,True,Very High Risk
0064-YIJGF,0.3415,False,Medium Risk
2386-OWURY,0.3166,False,Medium Risk
1725-IQNIY,0.1794,False,Low Risk
0310-VQXAM,0.0914,False,Low Risk
6598-RFFVI,0.0941,False,Low Risk
3453-RTHJQ,0.5942,True,High Risk
6712-OAWRH,0.5022,True,High Risk
6278-FEPBZ,0.0948,False,Low Risk
4280-DLSHD,0.2492,False,Low Risk
1508-DFXCU,0.6035,True,High Risk
8614-VGMMV,0.4111,False,Medium Risk
7868-BGSZA,0.1592,False,Low Risk
2800-QQUSO,0.487,False,Medium Risk
2930-UOTMB,0.0818,False,Low Risk
7973-DZRKH,0.0611,False,Low Risk
5914-DVBWJ,0.5517,True,High Risk
7698-YFGEZ,0.3741,False,Medium Risk
2533-QVMSK,0.1477,False,Low Risk
9773-PEQBZ,0.5548,True,High Risk
8644-XLFBW,0.7793,True,Very High Risk
0650-BWOZN,0.4748,False,Medium Risk
8625-AZYZY,0.5827,True,High Risk
7785-RDVIG,0.0862,False,Low Risk
9602-WCXPI,0.011,False,Low Risk
2903-YYTBW,0.5195,True,High Risk
3620-MWJNE,0.3602,False,Medium Risk
8573-JGCZW,0.0571,False,Low Risk
6837-HAEVO,0.2075,False,Low Risk
6701-YVNQG,0.0107,False,Low Risk
9306-CPCBC,0.7023,True,Very High Risk
4304-XUMGI,0.0676,False,Low Risk
9504-YAZWB,0.0207,False,Low Risk
8819-ZBYNA,0.1271,False,Low Risk
6174-NRBTZ,0.0862,False,Low Risk
9481-IEBZY,0.1689,False,Low Risk
1833-VGRUM,0.8252,True,Very High Risk
6137-NICCO,0.7307,True,Very High Risk
9065-ZCPQX,0.0138,False,Low Risk
6402-EJMWF,0.3706,False,Medium Risk
3620-EHIMZ,0.0089,False,Low Risk
3213-VVOLG,0.0654,False,Low Risk
6870-ECSHE,0.0574,False,Low Risk
8747-UDCOI,0.0182,False,Low Risk
8374-XGEJJ,0.5203,True,High Risk
2656-TABEH,0.7852,True,Very High Risk
6946-LMSQS,0.3263,False,Medium Risk
4626-OZDTJ,0.0928,False,Low Risk
9169-BSVIN,0.2632,False,Low Risk
2325-ZUSFD,0.0736,False,Low Risk
8194-PEEBY,0.0189,False,Low Risk
6872-HXFNF,0.0628,False,Low Risk
3932-CMDTD,0.5359,True,High Risk
7714-YXSMB,0.4506,False,Medium Risk
8387-UGUSU,0.0669,False,Low Risk
1080-BWSYE,0.0068,False,Low Risk
4039-HEUNW,0.4921,False,Medium Risk
1194-HVAIF,0.3849,False,Medium Risk
0812-WUPTB,0.7162,True,Very High Risk
3594-UVONA,0.1149,False,Low Risk
0004-TLHLJ,0.6329,True,High Risk
1767-TGTKO,0.389,False,Medium Risk
8439-LTUGF,0.0689,False,Low Risk
8805-JNRAZ,0.4247,False,Medium Risk
5089-IFSDP,0.1964,False,Low Risk
6418-HNFED,0.0219,False,Low Risk
0206-OYVOC,0.0184,False,Low Risk
7291-CDTMJ,0.3158,False,Medium Risk
7128-GGCNO,0.2758,False,Low Risk
0237-YFUTL,0.2269,False,Low Risk
7691-KGKGP,0.0758,False,Low Risk
6710-HSJRD,0.3177,False,Medium Risk
3675-EQOZA,0.115,False,Low Risk
0840-DCNZE,0.0968,False,Low Risk
1732-FEKLD,0.1904,False,Low Risk
9862-KJTYK,0.2225,False,Low Risk
0479-HMSWA,0.25,False,Low Risk
5854-KSRBJ,0.0031,False,Low Risk
0365-BZUWY,0.5798,True,High Risk
4817-VYYWS,0.5124,True,High Risk
5701-SVCWR,0.2013,False,Low Risk
3129-AAQOU,0.0214,False,Low Risk
4922-CVPDX,0.081,False,Low Risk
1396-QWFBJ,0.3957,False,Medium Risk
1357-BIJKI,0.2943,False,Low Risk
1099-BTKWT,0.1387,False,Low Risk
5299-SJCZT,0.7725,True,Very High Risk
2018-PZKMU,0.4852,False,Medium Risk
7340-KEFQE,0.0314,False,Low Risk
4570-QHXHL,0.4328,False,Medium Risk
2403-BCASL,0.3717,False,Medium Risk
7392-YYPYJ,0.5875,True,High Risk
2898-LSJGD,0.2707,False,Low Risk
2223-GDSHL,0.0486,False,Low Risk
7359-PTSXY,0.5699,True,High Risk
9470-RTWDV,0.1299,False,Low Risk
2176-OSJUV,0.0153,False,Low Risk
9348-YVOMK,0.4159,False,Medium Risk
8104-OSKWT,0.5309,True,High Risk
4521-YEEHE,0.5256,True,High Risk
4090-KPJIP,0.7077,True,Very High Risk
3786-WOVKF,0.1651,False,Low Risk
4503-BDXBD,0.4945,False,Medium Risk
6086-ESGRL,0.7044,True,Very High Risk
2592-HODOV,0.0312,False,Low Risk
3886-CERTZ,0.3275,False,Medium Risk
7995-ZHHNZ,0.0809,False,Low Risk
3824-RHKVR,0.0845,False,Low Risk
5816-SCGFC,0.2772,False,Low Risk
5989-AXPUC,0.074,False,Low Risk
4979-HPRFL,0.0104,False,Low Risk
8590-OHDIW,0.0188,False,Low Risk
8015-IHCGW,0.037,False,Low Risk
2332-TODQS,0.0303,False,Low Risk
9278-VZKCD,0.323,False,Medium Risk
8008-OTEZX,0.024,False,Low Risk
2773-OVBPK,0.1442,False,Low Risk
5999-LCXAO,0.43,False,Medium Risk
5206-XZZQI,0.175,False,Low Risk
4803-LBYPN,0.0361,False,Low Risk
5759-RCVCB,0.4021,False,Medium Risk
6372-RFVNS,0.795,True,Very High Risk
2139-FQHLM,0.3117,False,Medium Risk
8261-GWDBQ,0.0875,False,Low Risk
1093-YSWCA,0.0329,False,Low Risk
8938-UMKPI,0.4259,False,Medium Risk
0991-BRRFB,0.3197,False,Medium Risk
3882-IYOIJ,0.067,False,Low Risk
8749-TZYEC,0.0057,False,Low Risk
1755-FZQEC,0.0142,False,Low Risk
3115-JPJDD,0.1157,False,Low Risk
5600-KTXFM,0.5385,True,High Risk
3871-IKPYH,0.7637,True,Very High Risk
6319-IEJWJ,0.5254,True,High Risk
9025-AOMKI,0.7865,True,Very High Risk
6339-TBELP,0.0765,False,Low Risk
7964-YESJC,0.1129,False,Low Risk
6173-GOLSU,0.3275,False,Medium Risk
5275-SQEIZ,0.7575,True,Very High Risk
7716-YTYHG,0.2496,False,Low Risk
9938-ZREHM,0.0971,False,Low Risk
7950-XWOVN,0.2142,False,Low Risk
4390-KYULV,0.208,False,Low Risk
4647-MUZON,0.4437,False,Medium Risk
9702-AIUJO,0.0975,False,Low Risk
8849-PRIQJ,0.1708,False,Low Risk
8851-RAGOV,0.1006,False,Low Risk
1304-NECVQ,0.7429,True,Very High Risk
5396-IZEPB,0.0786,False,Low Risk
1729-VLAZJ,0.115,False,Low Risk
8285-ABVLB,0.0058,False,Low Risk
0701-TJSEF,0.2216,False,Low Risk
5712-VBOXD,0.1034,False,Low Risk
6629-LADHQ,0.3448,False,Medium Risk
8945-GRKHX,0.7926,True,Very High Risk
1559-DTODC,0.2661,False,Low Risk
4797-MIWUM,0.0758,False,Low Risk
6959-UWKHF,0.6015,True,High Risk
8720-RQSBJ,0.5531,True,High Risk
4537-CIBHB,0.0714,False,Low Risk
3815-SLMEF,0.3333,False,Medium Risk
5154-VEKBL,0.2556,False,Low Risk
4324-AHJKS,0.2278,False,Low Risk
4355-CVPVS,0.1688,False,Low Risk
4495-LHSSK,0.1466,False,Low Risk
5655-JSMZM,0.5198,True,High Risk
5915-ANOEI,0.0176,False,Low Risk
9861-PDSZP,0.0733,False,Low Risk
4505-EXZHB,0.5807,True,High Risk
7225-CBZPL,0.5904,True,High Risk
6704-UTUKK,0.2741,False,Low Risk
4587-VVTOX,0.7415,True,Very High Risk
2019-HDCZY,0.1929,False,Low Risk
4652-NNHNY,0.4484,False,Medium Risk
8788-DOXSU,0.1135,False,Low Risk
7404-JLKQG,0.4589,False,Medium Risk
7421-ZLUPA,0.2972,False,Low Risk
8972-HJWNV,0.7434,True,Very High Risk
3274-NSDWE,0.0098,False,Low Risk
2632-IVXVF,0.0774,False,Low Risk
3692-JHONH,0.3071,False,Medium Risk
8915-NNTRC,0.0431,False,Low Risk
5914-GXMDA,0.0217,False,Low Risk
7463-IFMQU,0.0051,False,Low Risk
2920-RNCEZ,0.6267,True,High Risk
2541-YGPKE,0.079,False,Low Risk
8515-OCTJS,0.1667,False,Low Risk
5382-TEMLV,0.122,False,Low Risk
3441-CGZJH,0.0779,False,Low Risk
9592-ERDKV,0.0896,False,Low Risk
2860-RANUS,0.4452,False,Medium Risk
5261-QSHQM,0.5651,True,High Risk
4778-IZARL,0.0981,False,Low Risk
0432-CAJZV,0.6485,True,High Risk
7008-LZVOZ,0.0178,False,Low Risk
8868-WOZGU,0.5309,True,High Risk
1200-TUZHR,0.6671,True,High Risk
9365-CSLBQ,0.0076,False,Low Risk
1334-FJSVR,0.6259,True,High Risk
5884-FBCTL,0.0029,False,Low Risk
7130-CTCUS,0.2156,False,Low Risk
6242-FEGFD,0.0453,False,Low Risk
7625-XCQRH,0.6162,True,High Risk
6194-HBGQN,0.0807,False,Low Risk
7634-WSWDB,0.3667,False,Medium Risk
6986-IXNDM,0.5786,True,High Risk
1731-TVIUK,0.712,True,Very High Risk
2987-BJXIK,0.0292,False,Low Risk
9769-TSBZE,0.0367,False,Low Risk
0406-BPDVR,0.2659,False,Low Risk
0618-XWMSS,0.3004,False,Medium Risk
1395-WSWXR,0.014,False,Low Risk
6023-GSSXW,0.0421,False,Low Risk
6752-APNJL,0.0924,False,Low Risk
5276-KQWHG,0.6615,True,High Risk
0420-HLGXF,0.5094,True,High Risk
7446-KQISO,0.2004,False,Low Risk
9823-EALYC,0.0141,False,Low Risk
0582-AVCLN,0.0089,False,Low Risk
5803-NQJZO,0.018,False,Low Risk
2565-JSLRY,0.3069,False,Medium Risk
2607-DHDAK,0.0036,False,Low Risk
1073-XXCZD,0.0246,False,Low Risk
0743-HRVFF,0.1542,False,Low Risk
4006-HKYHO,0.0227,False,Low Risk
3727-JEZTU,0.3086,False,Medium Risk
8143-ETQTI,0.0197,False,Low Risk
6689-KXGBO,0.4976,False,Medium Risk
9667-TKTVZ,0.3982,False,Medium Risk
3657-COGMW,0.2264,False,Low Risk
8570-KLJYJ,0.0581,False,Low Risk
7754-IXRMC,0.4732,False,Medium Risk
9473-CBZOP,0.0624,False,Low Risk
2969-WGHQO,0.2112,False,Low Risk
6615-NGGZJ,0.6519,True,High Risk
4334-HOWRP,0.0202,False,Low Risk
4255-DDUOU,0.488,False,Medium Risk
5863-OOKCL,0.083,False,Low Risk
1686-STUHN,0.021,False,Low Risk
1329-VHWNP,0.3111,False,Medium Risk
2984-MIIZL,0.6224,True,High Risk
0266-GMEAO,0.0276,False,Low Risk
5590-YRFJT,0.4478,False,Medium Risk
5574-NXZIU,0.113,False,Low Risk
0019-GFNTW,0.0236,False,Low Risk
4256-ZWTZI,0.3062,False,Medium Risk
8309-PPCED,0.0724,False,Low Risk
4098-NAUKP,0.3177,False,Medium Risk
5196-WPYOW,0.0421,False,Low Risk
4608-LCIMN,0.2498,False,Low Risk
1485-YDHMM,0.2021,False,Low Risk
4054-CUMIA,0.0704,False,Low Risk
0603-TPMIB,0.0057,False,Low Risk
2525-GVKQU,0.0291,False,Low Risk
8161-QYMTT,0.7704,True,Very High Risk
9581-GVBXT,0.064,False,Low Risk
5862-BRIXZ,0.0312,False,Low Risk
5404-GGUKR,0.4065,False,Medium Risk
3308-JSGML,0.0275,False,Low Risk
2126-GSEGL,0.0274,False,Low Risk
3677-TNKIO,0.454,False,Medium Risk
0440-QEXBZ,0.1495,False,Low Risk
2434-EEVDB,0.0825,False,Low Risk
6762-QVYJO,0.011,False,Low Risk
6199-IWKGC,0.2758,False,Low Risk
2675-DHUTR,0.4008,False,Medium Risk
8152-VETUR,0.0957,False,Low Risk
9667-EQRXU,0.3661,False,Medium Risk
7446-YPODE,0.2052,False,Low Risk
9522-BNTHX,0.289,False,Low Risk
4676-WLUHT,0.0496,False,Low Risk
3329-WDIOK,0.575,True,High Risk
7980-MHFLQ,0.0044,False,Low Risk
2873-ZLIWT,0.413,False,Medium Risk
3415-TAILE,0.4363,False,Medium Risk
0757-WCUUZ,0.0413,False,Low Risk
1629-DQQVB,0.1923,False,Low Risk
1915-IOFGU,0.7601,True,Very High Risk
3045-XETSH,0.7045,True,Very High Risk
0374-AACSZ,0.4152,False,Medium Risk
7239-HZZCX,0.3401,False,Medium Risk
4872-VXRIL,0.0546,False,Low Risk
9140-CZQZZ,0.026,False,Low Risk
3423-HHXAO,0.0685,False,Low Risk
9938-TKDGL,0.0929,False,Low Risk
0531-ZZJWQ,0.4252,False,Medium Risk
6537-QLGEX,0.4078,False,Medium Risk
2688-BHGOG,0.6458,True,High Risk
7683-CBDKJ,0.2741,False,Low Risk
0946-CLJTI,0.4488,False,Medium Risk
3160-TYXLT,0.1432,False,Low Risk
1325-USMEC,0.0691,False,Low Risk
0916-QOFDP,0.5916,True,High Risk
0628-CNQRM,0.0967,False,Low Risk
5606-AMZBO,0.4929,False,Medium Risk
6199-IPCAO,0.0371,False,Low Risk
7665-TOALD,0.824,True,Very High Risk
0112-QWPNC,0.1711,False,Low Risk
0324-BRPCJ,0.3816,False,Medium Risk
2777-PHDEI,0.8038,True,Very High Risk
5640-CAXOA,0.1345,False,Low Risk
2235-EZAIK,0.0217,False,Low Risk
3847-BAERP,0.0763,False,Low Risk
1196-AMORA,0.6127,True,High Risk
4282-YMKNA,0.6425,True,High Risk
1453-RZFON,0.3955,False,Medium Risk
8263-OKETD,0.1708,False,Low Risk
0670-KDOMA,0.4084,False,Medium Risk
2476-YGEFM,0.3508,False,Medium Risk
8687-BAFGU,0.6096,True,High Risk
0641-EVBOJ,0.4498,False,Medium Risk
0829-XXPLX,0.3558,False,Medium Risk
9974-JFBHQ,0.1858,False,Low Risk
5356-RHIPP,0.4553,False,Medium Risk
6624-JDRDS,0.2613,False,Low Risk
0608-JDVEC,0.0103,False,Low Risk
9780-FKVVF,0.2431,False,Low Risk
1919-RTPQD,0.3827,False,Medium Risk
5214-NLTIT,0.0743,False,Low Risk
3345-PBBFH,0.2651,False,Low Risk
5055-BRMNE,0.0902,False,Low Risk
9189-JWSHV,0.5646,True,High Risk
2190-PHBHR,0.065,False,Low Risk
2650-GYRYL,0.0296,False,Low Risk
0746-JTRFU,0.6464,True,High Risk
5208-FVQKB,0.0131,False,Low Risk
7184-LRUUR,0.1274,False,Low Risk
6627-CFOSN,0.2219,False,Low Risk
3982-JGSFD,0.0087,False,Low Risk
1574-DYCWE,0.0056,False,Low Risk
7247-XOZPB,0.0615,False,Low Risk
2466-FCCPT,0.052,False,Low Risk
6211-WWLTF,0.0741,False,Low Risk
4826-TZEVA,0.2813,False,Low Risk
6016-NXBNJ,0.0154,False,Low Risk
9138-EFSMO,0.2227,False,Low Risk
0576-WNXXC,0.5091,True,High Risk
4632-XJMEX,0.0583,False,Low Risk
8910-LEDAG,0.3164,False,Medium Risk
3452-GWUIN,0.5731,True,High Risk
2716-GFZOR,0.2069,False,Low Risk
3724-UCSHY,0.0518,False,Low Risk
8626-XHBIE,0.0187,False,Low Risk
4628-CTTLA,0.3168,False,Medium Risk
3192-LNKRK,0.3131,False,Medium Risk
4439-YRNVD,0.2814,False,Low Risk
2876-VBBBL,0.4084,False,Medium Risk
6834-NXDCA,0.4655,False,Medium Risk
2208-UGTGR,0.3633,False,Medium Risk
3005-TYFRD,0.3151,False,Medium Risk
8670-MEFCP,0.0339,False,Low Risk
3079-BCHLN,0.0219,False,Low Risk
7777-UNYHB,0.0875,False,Low Risk
5597-GLBUC,0.8018,True,Very High Risk
7278-CKDNC,0.5499,True,High Risk
2748-MYRVK,0.1911,False,Low Risk
8450-UYIBU,0.3156,False,Medium Risk
2969-VAPYH,0.0579,False,Low Risk
4822-YCXMX,0.5469,True,High Risk
7181-OQCUT,0.4464,False,Medium Risk
8474-UMLNT,0.1491,False,Low Risk
9821-POOTN,0.4614,False,Medium Risk
3836-FZSDJ,0.0036,False,Low Risk
9142-XMYJH,0.0452,False,Low Risk
6559-ILWKJ,0.3233,False,Medium Risk
0187-QSXOE,0.7022,True,Very High Risk
7733-UDMTP,0.3073,False,Medium Risk
2649-HWLYB,0.0324,False,Low Risk
5214-CHIWJ,0.0155,False,Low Risk
4229-CZMLL,0.7027,True,Very High Risk
6904-JLBGY,0.0384,False,Low Risk
2465-BLLEU,0.4009,False,Medium Risk
1685-VAYJF,0.2307,False,Low Risk
8874-EJNSR,0.0074,False,Low Risk
6917-YACBP,0.2372,False,Low Risk
5049-MUBWG,0.0936,False,Low Risk
4223-WOZCM,0.5112,True,High Risk
0769-MURVM,0.0081,False,Low Risk
9253-VIFJQ,0.071,False,Low Risk
7030-FZTFM,0.0465,False,Low Risk
9741-YLNTD,0.6668,True,High Risk
5917-RYRMG,0.0127,False,Low Risk
5120-ZBLAI,0.0871,False,Low Risk
1194-BHJYC,0.0166,False,Low Risk
3663-MITLP,0.5933,True,High Risk
0906-QVPMS,0.0373,False,Low Risk
9025-ZRPVR,0.0785,False,Low Risk
1905-OEILC,0.3022,False,Medium Risk
7858-GTZSP,0.6591,True,High Risk
3285-UCQVC,0.2576,False,Low Risk
6248-BSHKG,0.0234,False,Low Risk
4685-TFLLS,0.0431,False,Low Risk
3470-BTGQO,0.1747,False,Low Risk
1209-VFFOC,0.007,False,Low Risk
8224-DWCKX,0.4756,False,Medium Risk
5482-PLVPE,0.6244,True,High Risk
4553-DVPZG,0.3915,False,Medium Risk
4902-OHLSK,0.5007,True,High Risk
6917-IAYHD,0.3667,False,Medium Risk
0495-ZBNGW,0.7144,True,Very High Risk
8620-RJPZN,0.2844,False,Low Risk
7572-KPVKK,0.2105,False,Low Risk
2642-MAWLJ,0.0079,False,Low Risk
2357-COQEK,0.5323,True,High Risk
7103-ZGVNT,0.0602,False,Low Risk
3737-GCSPV,0.6081,True,High Risk
2027-WKXMW,0.306,False,Medium Risk
7137-NAXML,0.0324,False,Low Risk
2428-ZMCTB,0.0861,False,Low Risk
2961-VNFKL,0.0135,False,Low Risk
1768-HNVGJ,0.1779,False,Low Risk
6963-KQYQB,0.0062,False,Low Risk
5934-RMPOV,0.5294,True,High Risk
1207-BLKSA,0.0079,False,Low Risk
4088-YLDSU,0.358,False,Medium Risk
8316-BBQAY,0.0178,False,Low Risk
1166-PQLGG,0.0071,False,Low Risk
3146-JTQHR,0.0536,False,Low Risk
4291-YZODP,0.0586,False,Low Risk
4395-PZMSN,0.6801,True,High Risk
6427-FEFIG,0.0548,False,Low Risk
0017-IUDMW,0.0239,False,Low Risk
8706-HRADD,0.1961,False,Low Risk
9955-QOPOY,0.0795,False,Low Risk
4385-ZKVNW,0.1255,False,Low Risk
5446-DKWYW,0.1311,False,Low Risk
2034-CGRHZ,0.4787,False,Medium Risk
5797-APWZC,0.8119,True,Very High Risk
3683-QKIUE,0.3367,False,Medium Risk
4228-ZGYUW,0.7434,True,Very High Risk
9031-ZVQPT,0.1275,False,Low Risk
2990-IAJSV,0.0182,False,Low Risk
8107-KNCIM,0.6264,True,High Risk
9027-YFHQJ,0.1038,False,Low Risk
5176-LDKUH,0.1946,False,Low Risk
4644-OBGFZ,0.0201,False,Low Risk
7926-IJOOU,0.1422,False,Low Risk
6480-YAGIY,0.1909,False,Low Risk
4029-HPFVY,0.5904,True,High Risk
7602-DBTOU,0.0136,False,Low Risk
5345-BMKWB,0.098,False,Low Risk
3519-ZKXGG,0.7121,True,Very High Risk
5457-COLHT,0.0216,False,Low Risk
6416-TVAIH,0.768,True,Very High Risk
5451-YHYPW,0.0264,False,Low Risk
5108-ADXWO,0.5057,True,High Risk
7998-WNZEM,0.0135,False,Low Risk
3066-RRJIO,0.7563,True,Very High Risk
4664-NJCMS,0.0332,False,Low Risk
0307-BCOPK,0.0273,False,Low Risk
7629-WFGLW,0.1567,False,Low Risk
2542-HYGIQ,0.2025,False,Low Risk
6715-OFDBP,0.51,True,High Risk
5016-LIPDW,0.0254,False,Low Risk
6481-LXPWL,0.1069,False,Low Risk
1567-DSCIC,0.7344,True,Very High Risk
2150-UWTFY,0.1588,False,Low Risk
6124-ACRHJ,0.3211,False,Medium Risk
9362-MWODR,0.0979,False,Low Risk
9975-GPKZU,0.0112,False,Low Risk
9625-RZFUK,0.0079,False,Low Risk
5153-LXKDT,0.0997,False,Low Risk
5161-UBZXI,0.0812,False,Low Risk
1020-JPQOW,0.2526,False,Low Risk
7919-ZODZZ,0.2037,False,Low Risk
0565-JUPYD,0.1153,False,Low Risk
6867-ACCZI,0.0401,False,Low Risk
5939-XAIXZ,0.2221,False,Low Risk
9054-FOWNV,0.5347,True,High Risk
2683-BPJSO,0.4303,False,Medium Risk
2157-MXBJS,0.3565,False,Medium Risk
8207-VVMYB,0.0102,False,Low Risk
9732-EQMWY,0.3412,False,Medium Risk
9360-AHGNL,0.2938,False,Low Risk
1087-UDSIH,0.1199,False,Low Risk
5269-NRGDP,0.1172,False,Low Risk
6195-MELTI,0.0912,False,Low Risk
5485-WUYWF,0.5212,True,High Risk
2121-JAFOM,0.0298,False,Low Risk
8818-DOPVL,0.4581,False,Medium Risk
2632-UCGVD,0.3155,False,Medium Risk
5445-PZWGX,0.1572,False,Low Risk
1227-UDMZR,0.0123,False,Low Risk
5198-HQAEN,0.2442,False,Low Risk
9170-CCKOU,0.3469,False,Medium Risk
2167-FQSTQ,0.0263,False,Low Risk
2819-GWENI,0.0187,False,Low Risk
1043-YCUTE,0.1315,False,Low Risk
3814-MLAXC,0.3188,False,Medium Risk
3572-UUHRS,0.0212,False,Low Risk
2692-PFYTJ,0.2468,False,Low Risk
1226-UDFZR,0.4587,False,Medium Risk
5955-EPOAZ,0.085,False,Low Risk
6821-JPCDC,0.2414,False,Low Risk
8815-LMFLX,0.0442,False,Low Risk
9135-HSWOC,0.0085,False,Low Risk
8582-KRHPJ,0.127,False,Low Risk
5811-IWXYM,0.183,False,Low Risk
7044-YAACC,0.6142,True,High Risk
8189-XRIKE,0.426,False,Medium Risk
1506-YJTYT,0.0366,False,Low Risk
4123-DVHPH,0.5724,True,High Risk
6425-YQLLO,0.2519,False,Low Risk
5442-UTCVD,0.7169,True,Very High Risk
2228-BZDEE,0.0209,False,Low Risk
7734-DBOAI,0.5424,True,High Risk
2789-CZANW,0.0651,False,Low Risk
2091-RFFBA,0.4785,False,Medium Risk
2114-MGINA,0.5976,True,High Risk
7596-LDUXP,0.3158,False,Medium Risk
3740-RLMVT,0.0653,False,Low Risk
4489-SNOJF,0.1323,False,Low Risk
2192-OZITF,0.0238,False,Low Risk
5651-CPDND,0.2353,False,Low Risk
2186-QZEYA,0.1655,False,Low Risk
1131-ALZWV,0.0468,False,Low Risk
7729-XBTWX,0.0147,False,Low Risk
9134-WYRVP,0.1344,False,Low Risk
3284-SVCRO,0.0075,False,Low Risk
9732-OUYRN,0.0206,False,Low Risk
0559-CKHUS,0.0272,False,Low Risk
2931-SVLTV,0.2258,False,Low Risk
6899-PPEEA,0.528,True,High Risk
7504-UWHNB,0.4054,False,Medium Risk
2582-FFFZR,0.3491,False,Medium Risk
8908-NMQTX,0.0104,False,Low Risk
2187-LZGPL,0.3249,False,Medium Risk
1431-AIDJQ,0.0487,False,Low Risk
6288-LBEAR,0.2634,False,Low Risk
4597-NUCQV,0.609,True,High Risk
9019-QVLZD,0.8093,True,Very High Risk
8413-YNHNV,0.0163,False,Low Risk
5808-TOTXO,0.1196,False,Low Risk
4369-NYSCF,0.1038,False,Low Risk
6333-YDVLT,0.2043,False,Low Risk
5324-KTGCG,0.0616,False,Low Risk
5599-HVLTW,0.5269,True,High Risk
7394-LWLYN,0.6361,True,High Risk
3707-LRWZD,0.3544,False,Medium Risk
6873-UDNLD,0.1447,False,Low Risk
2700-LUEVA,0.2099,False,Low Risk
1455-ESIQH,0.796,True,Very High Risk
0958-YHXGP,0.5558,True,High Risk
1101-SSWAG,0.3734,False,Medium Risk
2979-SXESE,0.5412,True,High Risk
4013-TLDHQ,0.4911,False,Medium Risk
5743-KHMNA,0.0073,False,Low Risk
4194-FJARJ,0.02,False,Low Risk
5325-UWTWJ,0.196,False,Low Risk
3969-GYXEL,0.4115,False,Medium Risk
9208-OLGAQ,0.4987,False,Medium Risk
3244-CQPHU,0.0647,False,Low Risk
2674-MLXMN,0.2892,False,Low Risk
9708-HPXWZ,0.2885,False,Low Risk
6992-TKNYO,0.0983,False,Low Risk
4468-YDOVK,0.336,False,Medium Risk
3754-DXMRT,0.5961,True,High Risk
5792-JALQC,0.0648,False,Low Risk
7130-VTEWQ,0.676,True,High Risk
2200-DSAAL,0.1269,False,Low Risk
4302-ZYFEL,0.0198,False,Low Risk
9351-LZYGF,0.1018,False,Low Risk
4366-CTOUZ,0.1102,False,Low Risk
6121-VZNQB,0.3763,False,Medium Risk
7903-CMPEY,0.7557,True,Very High Risk
1518-OMDIK,0.1537,False,Low Risk
6671-NGWON,0.103,False,Low Risk
0595-ITUDF,0.231,False,Low Risk
6996-KNSML,0.7767,True,Very High Risk
1955-IBMMB,0.0195,False,Low Risk
0096-BXERS,0.408,False,Medium Risk
3806-YAZOV,0.0998,False,Low Risk
7998-ZLXWN,0.0905,False,Low Risk
6253-WRFHY,0.2484,False,Low Risk
9133-AYJZG,0.4441,False,Medium Risk
2675-OTVVJ,0.3772,False,Medium Risk
8680-CGLTP,0.0944,False,Low Risk
8430-TWCBX,0.0343,False,Low Risk
5018-GWURO,0.2913,False,Low Risk
6741-QRLUP,0.0243,False,Low Risk
4737-HOBAX,0.033,False,Low Risk
0537-QYZZN,0.428,False,Medium Risk
3340-QBBFM,0.1092,False,Low Risk
1704-NRWYE,0.6536,True,High Risk
2592-SEIFQ,0.5628,True,High Risk
8200-KLNYW,0.1251,False,Low Risk
3372-CDXFJ,0.0384,False,Low Risk
4781-ZXYGU,0.341,False,Medium Risk
7632-YUTXB,0.019,False,Low Risk
2718-YSKCS,0.008,False,Low Risk
9896-UYMIE,0.1858,False,Low Risk
0853-NWIFK,0.2354,False,Low Risk
8212-CRQXP,0.3675,False,Medium Risk
6980-CDGFC,0.0504,False,Low Risk
7691-XVTZH,0.1347,False,Low Risk
2520-SGTTA,0.1275,False,Low Risk
7481-ATQQS,0.3321,False,Medium Risk
2277-VWCNI,0.4638,False,Medium Risk
1088-CNNKB,0.1043,False,Low Risk
8642-GVWRF,0.6152,True,High Risk
1930-BZLHI,0.0137,False,Low Risk
3400-ESFUW,0.0218,False,Low Risk
5868-YTYKS,0.3003,False,Medium Risk
3525-DVKFN,0.0217,False,Low Risk
1482-OXZSY,0.3556,False,Medium Risk
0377-JBKKT,0.1282,False,Low Risk
5778-BVOFB,0.2617,False,Low Risk
3373-YZZYM,0.2332,False,Low Risk
2057-ZBLPD,0.5375,True,High Risk
0228-MAUWC,0.2381,False,Low Risk
5502-RLUYV,0.3666,False,Medium Risk
0023-HGHWL,0.7216,True,Very High Risk
7663-YJHSN,0.0475,False,Low Risk
4915-BFSXL,0.0427,False,Low Risk
3086-RUCRN,0.1739,False,Low Risk
5215-LNLDJ,0.4036,False,Medium Risk
7576-JMYWV,0.236,False,Low Risk
9039-RBEEE,0.1202,False,Low Risk
0257-KXZGU,0.1185,False,Low Risk
1307-ATKGB,0.4703,False,Medium Risk
8417-FMLZI,0.6343,True,High Risk
3714-XPXBW,0.1175,False,Low Risk
1850-AKQEP,0.0618,False,Low Risk
2824-DXNKN,0.0413,False,Low Risk
5227-JSCFE,0.0321,False,Low Risk
0848-ZGQIJ,0.4977,False,Medium Risk
3621-CHYVB,0.0807,False,Low Risk
8042-RNLKO,0.077,False,Low Risk
1792-UXAFY,0.5458,True,High Risk
5372-FBKBN,0.0328,False,Low Risk
0420-TXVSG,0.0316,False,Low Risk
6217-TOWGS,0.2251,False,Low Risk
0515-YPMCW,0.7297,True,Very High Risk
0378-XSZPU,0.0853,False,Low Risk
1045-LTCYT,0.0871,False,Low Risk
1544-JJMYL,0.0735,False,Low Risk
4636-JGAAI,0.3055,False,Medium Risk
6874-SGLHU,0.2736,False,Low Risk
5951-AOFIH,0.1715,False,Low Risk
4729-XKASR,0.5798,True,High Risk
3059-NGMXB,0.1502,False,Low Risk
8652-YHIYU,0.2314,False,Low Risk
5278-PNYOX,0.0919,False,Low Risk
5449-FIBXJ,0.5079,True,High Risk
3486-HOOGQ,0.0219,False,Low Risk
5061-PBXFW,0.082,False,Low Risk
8630-FJLIB,0.4535,False,Medium Risk
3891-NLXJB,0.04,False,Low Risk
4749-OJKQU,0.7028,True,Very High Risk
0577-WHMEV,0.4059,False,Medium Risk
5453-AXEPF,0.4117,False,Medium Risk
3639-XJHKQ,0.2264,False,Low Risk
3716-LRGXK,0.1025,False,Low Risk
2263-SFSQZ,0.021,False,Low Risk
9950-MTGYX,0.0119,False,Low Risk
3397-AVTKU,0.1322,False,Low Risk
4825-FUREZ,0.0069,False,Low Risk
9837-BMCLM,0.6792,True,High Risk
2672-OJQZP,0.4712,False,Medium Risk
0137-UDEUO,0.1372,False,Low Risk
3134-DSHVC,0.0562,False,Low Risk
6161-UUUTA,0.6913,True,High Risk
7821-DPRQE,0.2138,False,Low Risk
6543-XRMYR,0.5284,True,High Risk
2001-EWBQU,0.2152,False,Low Risk
4925-LMHOK,0.2707,False,Low Risk
1608-GMEWB,0.3871,False,Medium Risk
6695-AMZUF,0.0134,False,Low Risk
1455-UGQVH,0.754,True,Very High Risk
8410-BGQXN,0.0882,False,Low Risk
8280-MQRQN,0.5269,True,High Risk
1619-YWUBB,0.01,False,Low Risk
7611-YKYTC,0.2586,False,Low Risk
2037-SGXHH,0.414,False,Medium Risk
3178-FESZO,0.7813,True,Very High Risk
0365-GXEZS,0.3825,False,Medium Risk
0082-OQIQY,0.4287,False,Medium Risk
6087-MVHJH,0.5896,True,High Risk
4603-JANFB,0.8223,True,Very High Risk
3018-TFTSU,0.3534,False,Medium Risk
3606-SBKRY,0.176,False,Low Risk
4806-KEXQR,0.6813,True,High Risk
0667-NSRGI,0.0947,False,Low Risk
7083-YNSKY,0.252,False,Low Risk
6893-ODYYE,0.1067,False,Low Risk
8242-JSVBO,0.3265,False,Medium Risk
2479-BRAMR,0.3069,False,Medium Risk
9541-ZPSEA,0.0443,False,Low Risk
2665-NPTGL,0.4729,False,Medium Risk
1139-WUOAH,0.0363,False,Low Risk
4693-VWVBO,0.1662,False,Low Risk
7434-SHXLS,0.4112,False,Medium Risk
6937-GCDGQ,0.1271,False,Low Risk
0988-JRWWP,0.5018,True,High Risk
5075-JSDKI,0.0279,False,Low Risk
7908-QCBCA,0.7757,True,Very High Risk
8644-XYTSV,0.141,False,Low Risk
6711-FLDFB,0.6835,True,High Risk
3873-WOSBC,0.0102,False,Low Risk
7465-ZZRVX,0.7826,True,Very High Risk
7975-JMZNT,0.0196,False,Low Risk
7251-XFOIL,0.2378,False,Low Risk
4116-IQRFR,0.0797,False,Low Risk
3714-JTVOV,0.3331,False,Medium Risk
8259-DZLIZ,0.0829,False,Low Risk
0442-ZXKVS,0.2085,False,Low Risk
7853-WNZSY,0.2426,False,Low Risk
3120-FAZKD,0.0164,False,Low Risk
8606-OEGQZ,0.0547,False,Low Risk
0225-ZORZP,0.5887,True,High Risk
4702-IOQDC,0.7933,True,Very High Risk
9489-JMTTN,0.0101,False,Low Risk
0575-CUQOV,0.2564,False,Low Risk
0967-BMLBD,0.0765,False,Low Risk
6178-KFNHS,0.5248,True,High Risk
2830-LEWOA,0.1323,False,Low Risk
5006-MXVRN,0.0104,False,Low Risk
1264-BYWMS,0.4651,False,Medium Risk
9658-WYUFB,0.5778,True,High Risk
8327-WKMIE,0.0108,False,Low Risk
6917-FIJHC,0.0165,False,Low Risk
5329-KRDTM,0.0518,False,Low Risk
7797-EJMDP,0.188,False,Low Risk
3530-VWVGU,0.0483,False,Low Risk
2013-SGDXK,0.7575,True,Very High Risk
6368-NWMCE,0.1303,False,Low Risk
3633-CDBUW,0.1404,False,Low Risk
0707-HOVVN,0.0688,False,Low Risk
8580-QVLOC,0.0212,False,Low Risk
3956-MGXOG,0.4522,False,Medium Risk
9274-UARKJ,0.4914,False,Medium Risk
4077-HWUYD,0.0119,False,Low Risk
2012-NWRPA,0.743,True,Very High Risk
8808-ELEHO,0.6984,True,High Risk
0103-CSITQ,0.2056,False,Low Risk
3506-LCJDC,0.4009,False,Medium Risk
8671-KKKOS,0.2083,False,Low Risk
7305-ZWMAJ,0.0155,False,Low Risk
9518-XXBXE,0.4292,False,Medium Risk
3934-HXCFZ,0.5351,True,High Risk
6578-KRMAW,0.2634,False,Low Risk
4860-IJUDE,0.3598,False,Medium Risk
7666-WKRON,0.2123,False,Low Risk
9688-YGXVR,0.2824,False,Low Risk
0423-UDIJQ,0.2667,False,Low Risk
1945-XISKS,0.0131,False,Low Risk
4910-AQFFX,0.6101,True,High Risk
2154-KVJFF,0.6229,True,High Risk
5360-LJCNJ,0.1512,False,Low Risk
2607-FBDFF,0.4155,False,Medium Risk
9647-ERGBE,0.5187,True,High Risk
3428-XZMAZ,0.8153,True,Very High Risk
1100-DDVRV,0.28,False,Low Risk
0378-TOVMS,0.6239,True,High Risk
4355-HBJHH,0.1674,False,Low Risk
6728-WYQBC,0.2737,False,Low Risk
9058-CBREO,0.5569,True,High Risk
9029-FEGVJ,0.3022,False,Medium Risk
7216-KAOID,0.0167,False,Low Risk
0318-QUUOB,0.7959,True,Very High Risk
6145-NNPNO,0.4694,False,Medium Risk
5520-FVEWJ,0.6294,True,High Risk
5339-TJFEK,0.2269,False,Low Risk
5572-ZDXHY,0.391,False,Medium Risk
2074-GUHPQ,0.3136,False,Medium Risk
4625-XMOYM,0.0047,False,Low Risk
5827-MWCZK,0.1922,False,Low Risk
1385-TQOZW,0.0929,False,Low Risk
5914-XRFQB,0.0429,False,Low Risk
4329-YPDDQ,0.3954,False,Medium Risk
4804-NCPET,0.0073,False,Low Risk
3750-CKVKH,0.627,True,High Risk
5944-UGLLK,0.0819,False,Low Risk
8063-GBATB,0.531,True,High Risk
7787-BNTZM,0.1132,False,Low Risk
2252-ISRNH,0.4859,False,Medium Risk
9415-TPKRV,0.2653,False,Low Risk
5322-TEUJK,0.0365,False,Low Risk
4547-KQRTM,0.598,True,High Risk
4877-EVATK,0.3741,False,Medium Risk
1866-DIOQZ,0.0576,False,Low Risk
8375-KVTHK,0.2329,False,Low Risk
2697-NQBPF,0.4256,False,Medium Risk
3709-OIJEA,0.2435,False,Low Risk
7639-SUPCW,0.2398,False,Low Risk
1386-ZIKUV,0.0856,False,Low Risk
0599-XNYDO,0.3692,False,Medium Risk
6377-WHAOX,0.3814,False,Medium Risk
6855-VLGOS,0.0066,False,Low Risk
8999-XXGNS,0.167,False,Low Risk
8746-OQQRW,0.1108,False,Low Risk
3181-MIZBN,0.118,False,Low Risk
0471-ARVMX,0.2494,False,Low Risk
7766-CLTIC,0.2358,False,Low Risk
5650-YLIBA,0.4673,False,Medium Risk
0825-CPPQH,0.0065,False,Low Risk
9084-OAYKL,0.0184,False,Low Risk
6122-LJADA,0.0146,False,Low Risk
2400-XIWIO,0.0248,False,Low Risk
7524-VRLPL,0.046,False,Low Risk
1069-XAIEM,0.8515,True,Very High Risk
7569-NMZYQ,0.0637,False,Low Risk
5201-USSQZ,0.2762,False,Low Risk
2105-PHWON,0.2918,False,Low Risk
1494-EJZDW,0.0293,False,Low Risk
4884-TVUQF,0.0749,False,Low Risk
8003-EWNDZ,0.0691,False,Low Risk
1897-RCFUM,0.0269,False,Low Risk
9256-JTBNZ,0.1217,False,Low Risk
4658-HCOHW,0.4384,False,Medium Risk
2211-RMNHO,0.0212,False,Low Risk
2432-TFSMK,0.2685,False,Low Risk
3440-JPSCL,0.7207,True,Very High Risk
4929-ROART,0.1605,False,Low Risk
1834-ABKHQ,0.0892,False,Low Risk
1741-WTPON,0.1056,False,Low Risk
3932-IJWDZ,0.3268,False,Medium Risk
1240-HCBOH,0.01,False,Low Risk
3594-KADLU,0.351,False,Medium Risk
8065-BVEPF,0.2654,False,Low Risk
3796-ENZGF,0.0215,False,Low Risk
1734-ZMNTZ,0.0273,False,Low Risk
2853-CWQFQ,0.3646,False,Medium Risk
0813-TAXXS,0.065,False,Low Risk
2519-TWKFS,0.107,False,Low Risk
2889-FPWRM,0.3008,False,Medium Risk
0626-QXNGV,0.0077,False,Low Risk
6723-CEGQI,0.0411,False,Low Risk
6987-XQSJT,0.4253,False,Medium Risk
4732-RRJZC,0.068,False,Low Risk
9499-XPZXM,0.0226,False,Low Risk
4338-EYCER,0.2048,False,Low Risk
3007-FDPEA,0.1055,False,Low Risk
6350-XFYGW,0.7254,True,Very High Risk
4290-BSXUX,0.6927,True,High Risk
8513-OLYGY,0.0419,False,Low Risk
0311-QYWSS,0.4074,False,Medium Risk
8705-DWKTI,0.2683,False,Low Risk
8755-IWJHN,0.2642,False,Low Risk
0325-XBFAC,0.6982,True,High Risk
4480-QQRHC,0.5584,True,High Risk
0929-PECLO,0.2807,False,Low Risk
3680-CTHUH,0.1962,False,Low Risk
1202-KKGFU,0.1736,False,Low Risk
6112-KTHFQ,0.0722,False,Low Risk
1852-XEMDW,0.1482,False,Low Risk
2462-XIIJB,0.7694,True,Very High Risk
4760-XOHVN,0.3551,False,Medium Risk
1820-DJFPH,0.0044,False,Low Risk
9426-SXNHE,0.1117,False,Low Risk
9068-FHQHD,0.0051,False,Low Risk
1269-FOYWN,0.015,False,Low Risk
9470-YFUYI,0.0706,False,Low Risk
7817-BOQPW,0.7191,True,Very High Risk
7402-EYFXX,0.578,True,High Risk
1853-UDXBW,0.7815,True,Very High Risk
9895-VFOXH,0.451,False,Medium Risk
5458-CQJTA,0.0682,False,Low Risk
1230-QAJDW,0.2996,False,Low Risk
5701-ZIKJE,0.2275,False,Low Risk
5219-YIPTK,0.4769,False,Medium Risk
5032-MIYKT,0.7283,True,Very High Risk
7396-VJUZB,0.3624,False,Medium Risk
9717-QEBGU,0.6502,True,High Risk
5172-RKOCB,0.0552,False,Low Risk
6509-TSGWN,0.045,False,Low Risk
3540-RZJYU,0.4636,False,Medium Risk
3178-CIFOT,0.0171,False,Low Risk
2091-MJTFX,0.1333,False,Low Risk
4530-NDRKU,0.044,False,Low Risk
5985-TBABQ,0.0825,False,Low Risk
9800-ONTFE,0.3672,False,Medium Risk
6743-HHQPF,0.2178,False,Low Risk
8455-HIRAQ,0.2621,False,Low Risk
6616-AALSR,0.0983,False,Low Risk
0883-EIBTI,0.2408,False,Low Risk
9415-ZNBSX,0.0175,False,Low Risk
4018-KJYUY,0.0366,False,Low Risk
0722-TROQR,0.7113,True,Very High Risk
7571-YXDAD,0.6378,True,High Risk
3884-UEBXB,0.0376,False,Low Risk
8780-RSYYU,0.0495,False,Low Risk
5537-UXXVS,0.0904,False,Low Risk
1791-PQHBB,0.3193,False,Medium Risk
8701-DGLVH,0.0115,False,Low Risk
8741-LQOBK,0.1389,False,Low Risk
3393-FMZPV,0.5881,True,High Risk
8082-GHXOP,0.1919,False,Low Risk
6402-ZFPPI,0.4782,False,Medium Risk
0980-FEXWF,0.0971,False,Low Risk
7486-KSRVI,0.3993,False,Medium Risk
3011-WQKSZ,0.1839,False,Low Risk
8443-WVPSS,0.6278,True,High Risk
3006-XIMLN,0.7667,True,Very High Risk
8218-FFJDS,0.0161,False,Low Risk
1986-PHGZF,0.2183,False,Low Risk
9965-YOKZB,0.7219,True,Very High Risk
0504-HHAPI,0.3921,False,Medium Risk
9360-OMDZZ,0.5701,True,High Risk
6305-YLBMM,0.2566,False,Low Risk
0345-XMMUG,0.1592,False,Low Risk
8024-XNAFQ,0.0535,False,Low Risk
3647-GMGDH,0.4147,False,Medium Risk
2988-GBIVW,0.2374,False,Low Risk
2832-SCUCO,0.1516,False,Low Risk
7036-ZZKBD,0.1125,False,Low Risk
3791-LGQCY,0.361,False,Medium Risk
0265-PSUAE,0.4636,False,Medium Risk
0463-TXOAK,0.022,False,Low Risk
0594-UFTUL,0.0594,False,Low Risk
9509-MPYOD,0.0149,False,Low Risk
9128-CPXKI,0.2328,False,Low Risk
0129-KPTWJ,0.3362,False,Medium Risk
8166-ZZTFS,0.1734,False,Low Risk
5855-EIBDE,0.0949,False,Low Risk
5365-LLFYV,0.4792,False,Medium Risk
5956-YHHRX,0.598,True,High Risk
6008-NAIXK,0.2215,False,Low Risk
2956-GGUCQ,0.4712,False,Medium Risk
1928-BXYIV,0.3928,False,Medium Risk
5760-FXFVO,0.5518,True,High Risk
6595-COKXZ,0.5047,True,High Risk
0961-ZWLVI,0.2047,False,Low Risk
5181-OABFK,0.0287,False,Low Risk
4007-NHVHI,0.2643,False,Low Risk
7816-VGHTO,0.1533,False,Low Risk
5871-DGTXZ,0.0149,False,Low Risk
7550-WIQVA,0.2193,False,Low Risk
7544-ZVIKX,0.2235,False,Low Risk
0016-QLJIS,0.0171,False,Low Risk
7508-DQAKK,0.022,False,Low Risk
5176-OLSKT,0.0246,False,Low Risk
9356-AXGMP,0.3294,False,Medium Risk
3556-BVQGL,0.0218,False,Low Risk
0362-ZBZWJ,0.5028,True,High Risk
8979-CAMGB,0.2808,False,Low Risk
4211-MMAZN,0.3088,False,Medium Risk
7581-EBBOU,0.0818,False,Low Risk
4274-OWWYO,0.7788,True,Very High Risk
5073-RZGBK,0.0885,False,Low Risk
1541-ETJZO,0.3756,False,Medium Risk
2192-CKRLV,0.1587,False,Low Risk
3154-HMWUU,0.0105,False,Low Risk
6119-SPUDB,0.0351,False,Low Risk
6522-OIQSX,0.0557,False,Low Risk
7813-ZGGAW,0.3231,False,Medium Risk
8748-HFWBO,0.0216,False,Low Risk
1052-QJIBV,0.002,False,Low Risk
1319-YLZJG,0.5154,True,High Risk
4106-HADHQ,0.1428,False,Low Risk
0723-FDLAY,0.1328,False,Low Risk
3050-RLLXC,0.0308,False,Low Risk
9298-WGMRW,0.036,False,Low Risk
2369-UAPKZ,0.6792,True,High Risk
3088-LHEFH,0.4727,False,Medium Risk
2778-OCLGR,0.3065,False,Medium Risk
6583-KQJLK,0.5819,True,High Risk
8544-JNBOX,0.0098,False,Low Risk
6681-ZSEXG,0.041,False,Low Risk
6139-ZZRBQ,0.0111,False,Low Risk
6116-RFVHN,0.4898,False,Medium Risk
0637-KVDLV,0.7301,True,Very High Risk
8884-FEEWR,0.0199,False,Low Risk
3125-RAHBV,0.0152,False,Low Risk
6633-MPWBS,0.4562,False,Medium Risk
0373-AIVNJ,0.1656,False,Low Risk
8785-EPNCG,0.1987,False,Low Risk
1682-VCOIO,0.015,False,Low Risk
5729-KLZAR,0.6496,True,High Risk
2072-ZVJJX,0.0076,False,Low Risk
8849-AYPTR,0.4114,False,Medium Risk
9518-IMLHK,0.1033,False,Low Risk
1582-RAFML,0.4059,False,Medium Risk
3646-ITDGM,0.0476,False,Low Risk
8740-CRYFY,0.8152,True,Very High Risk
3569-VLDHH,0.0737,False,Low Risk
8224-KDLKN,0.0029,False,Low Risk
7594-LZNWR,0.2957,False,Low Risk
4001-TSBTV,0.3058,False,Medium Risk
2962-XPMCQ,0.5749,True,High Risk
8727-XDPUD,0.0976,False,Low Risk
1043-UXOVO,0.0524,False,Low Risk
1064-FBXNK,0.1953,False,Low Risk
3996-ZNWYK,0.0033,False,Low Risk
2878-DHMIN,0.0205,False,Low Risk
7762-ONLJY,0.0783,False,Low Risk
1678-FYZOW,0.684,True,High Risk
5795-BKOYE,0.0586,False,Low Risk
8627-EHGIP,0.2108,False,Low Risk
7402-PWYJJ,0.2412,False,Low Risk
5480-TBGPH,0.4313,False,Medium Risk
0018-NYROU,0.5847,True,High Risk
7501-VTYLJ,0.3901,False,Medium Risk
7608-RGIRO,0.0077,False,Low Risk
0480-BIXDE,0.5212,True,High Risk
5895-QSXOD,0.449,False,Medium Risk
9814-AOUDH,0.0517,False,Low Risk
6175-IRFIT,0.5902,True,High Risk
8760-ZRHKE,0.0824,False,Low Risk
1622-HSHSF,0.3754,False,Medium Risk
8854-CCVSQ,0.5582,True,High Risk
6749-UTDVX,0.2045,False,Low Risk
5542-DHSXL,0.2457,False,Low Risk
9102-OXKFY,0.0605,False,Low Risk
0511-JTEOY,0.7196,True,Very High Risk
5216-WASFJ,0.4967,False,Medium Risk
7808-DVWEP,0.1385,False,Low Risk
7067-KSAZT,0.2646,False,Low Risk
2284-VFLKH,0.1988,False,Low Risk
0366-NQSHS,0.0891,False,Low Risk
6532-YLWSI,0.0978,False,Low Risk
3807-BPOMJ,0.2164,False,Low Risk
3892-NXAZG,0.0278,False,Low Risk
4948-WBBKL,0.3628,False,Medium Risk
4182-BGSIQ,0.1012,False,Low Risk
9300-AGZNL,0.8608,True,Very High Risk
0988-AADSA,0.0124,False,Low Risk
9972-NKTFD,0.127,False,Low Risk
3717-LNXKW,0.2522,False,Low Risk
5734-EJKXG,0.2244,False,Low Risk
2207-RYYRL,0.0194,False,Low Risk
6729-FZWSY,0.033,False,Low Risk
9695-IDRZR,0.109,False,Low Risk
8144-DGHXP,0.0415,False,Low Risk
7814-LEEVE,0.3112,False,Medium Risk
1112-CUNAO,0.5368,True,High Risk
5175-AOBHI,0.4245,False,Medium Risk
5174-RNGBH,0.2473,False,Low Risk
8631-WUXGY,0.3683,False,Medium Risk
7270-BDIOA,0.5427,True,High Risk
9565-JSNFM,0.2108,False,Low Risk
5906-DVAPM,0.0558,False,Low Risk
6654-QGBZZ,0.3637,False,Medium Risk
8348-JLBUG,0.1091,False,Low Risk
0607-DAAHE,0.111,False,Low Risk
5641-DMBFJ,0.0549,False,Low Risk
9200-NLNPD,0.0943,False,Low Risk
2664-XJZNO,0.0747,False,Low Risk
9732-KPKBW,0.4569,False,Medium Risk
3339-EAQNV,0.1948,False,Low Risk
0921-OHLVP,0.4751,False,Medium Risk
3389-YGYAI,0.7518,True,Very High Risk
9560-ARGQJ,0.536,True,High Risk
8350-NYMVI,0.1322,False,Low Risk
1600-DILPE,0.267,False,Low Risk
0536-ESJEP,0.0461,False,Low Risk
4654-GGUII,0.1065,False,Low Risk
6478-HRRCZ,0.0767,False,Low Risk
8510-BBWMU,0.0219,False,Low Risk
6857-TKDJV,0.0026,False,Low Risk
2360-RDGRO,0.2872,False,Low Risk
0584-BJQGZ,0.1303,False,Low Risk
5134-IKDAY,0.7962,True,Very High Risk
1360-XFJMR,0.1961,False,Low Risk
3070-DVEYC,0.6179,True,High Risk
5730-RIITO,0.2045,False,Low Risk
9058-MJLZC,0.478,False,Medium Risk
5707-ORNDZ,0.4002,False,Medium Risk
0902-XKXPN,0.0032,False,Low Risk
5177-RVZNU,0.0246,False,Low Risk
0056-EPFBG,0.0728,False,Low Risk
8993-IZEUX,0.4646,False,Medium Risk
8696-JKZNU,0.4632,False,Medium Risk
5380-AFSSK,0.7802,True,Very High Risk
8190-ZTQFB,0.191,False,Low Risk
0931-MHTEM,0.204,False,Low Risk
2055-PDADH,0.6464,True,High Risk
7515-LODFU,0.0072,False,Low Risk
0440-UEDAI,0.1664,False,Low Risk
1337-BOZWO,0.1469,False,Low Risk
0868-VJRDR,0.0912,False,Low Risk
8714-EUHJO,0.4234,False,Medium Risk
6344-SFJVH,0.2218,False,Low Risk
3950-VPYJB,0.0429,False,Low Risk
8041-TMEID,0.1126,False,Low Risk
7321-ZNSLA,0.0545,False,Low Risk
6941-KXRRV,0.1367,False,Low Risk
3721-CNEYS,0.6471,True,High Risk
8727-JQFHV,0.0048,False,Low Risk
9475-NNDGC,0.2083,False,Low Risk
1355-KUSBG,0.364,False,Medium Risk
3688-FTHLT,0.3153,False,Medium Risk
0899-LIIBW,0.4472,False,Medium Risk
2568-OIADY,0.4889,False,Medium Risk
1384-RCUXW,0.4237,False,Medium Risk
5825-XJOCM,0.0853,False,Low Risk
6848-YLDFR,0.0829,False,Low Risk
8125-QPFJD,0.022,False,Low Risk
2320-YKQBO,0.0859,False,Low Risk
1193-RTSLK,0.282,False,Low Risk
2302-ANTDP,0.3312,False,Medium Risk
5923-GXUOC,0.6384,True,High Risk
4973-RLZVI,0.1126,False,Low Risk
7869-ZYDST,0.1426,False,Low Risk
4501-UYKBC,0.1344,False,Low Risk
1215-EXRMO,0.0113,False,Low Risk
2305-MRGLV,0.2323,False,Low Risk
8404-VIOMB,0.0158,False,Low Risk
5233-GEEAX,0.5445,True,High Risk
2359-KLTEK,0.3173,False,Medium Risk
5304-EFJLP,0.0861,False,Low Risk
2673-ZALNP,0.0512,False,Low Risk
9184-GALIL,0.0382,False,Low Risk
4393-RYCRE,0.2736,False,Low Risk
9746-MDMBK,0.1851,False,Low Risk
3162-ZJZFU,0.2529,False,Low Risk
8404-GFGCZ,0.3929,False,Medium Risk
8875-AKBYH,0.5745,True,High Risk
4432-ADRLB,0.49,False,Medium Risk
0533-UCAAU,0.099,False,Low Risk
1394-SUIUH,0.2557,False,Low Risk
3521-MNKLV,0.1914,False,Low Risk
2533-TIBIX,0.191,False,Low Risk
8993-PHFWD,0.5297,True,High Risk
1565-RHDJD,0.6594,True,High Risk
7137-RYLPP,0.4999,False,Medium Risk
3765-JXVKY,0.7878,True,Very High Risk
5092-STPKP,0.1005,False,Low Risk
7330-WZLNC,0.7518,True,Very High Risk
0114-PEGZZ,0.3995,False,Medium Risk
3359-DSRKA,0.0118,False,Low Risk
8639-NHQEI,0.0584,False,Low Risk
7161-DFHUF,0.0039,False,Low Risk
3957-LXOLK,0.5187,True,High Risk
3720-DBRWL,0.0226,False,Low Risk
6635-MYYYZ,0.1296,False,Low Risk
8565-WUXZU,0.0408,False,Low Risk
5281-BUZGT,0.4089,False,Medium Risk
4994-OBRSZ,0.0664,False,Low Risk
0562-FGDCR,0.0177,False,Low Risk
2436-QBZFP,0.2825,False,Low Risk
3420-YJLQT,0.618,True,High Risk
6040-CGACY,0.0893,False,Low Risk
6582-PLFUU,0.0111,False,Low Risk
8242-PDSGJ,0.0304,False,Low Risk
0264-CNITK,0.0034,False,Low Risk
0089-IIQKO,0.3187,False,Medium Risk
7839-NUIAA,0.1128,False,Low Risk
6075-QMNRR,0.1166,False,Low Risk
5378-IKEEG,0.6812,True,High Risk
5966-EMAZU,0.1892,False,Low Risk
0440-EKDCF,0.0286,False,Low Risk
4774-HHGGS,0.0165,False,Low Risk
2718-GAXQD,0.505,True,High Risk
2055-BFOCC,0.1036,False,Low Risk
8180-AKMJV,0.507,True,High Risk
4298-OYIFC,0.5723,True,High Risk
5566-SOEZD,0.1826,False,Low Risk
9842-EFSYY,0.3018,False,Medium Risk
2272-WUSPA,0.0776,False,Low Risk
4584-LBNMK,0.0169,False,Low Risk
3898-GUYTS,0.3106,False,Medium Risk
0930-EHUZA,0.0914,False,Low Risk
6413-XKKPU,0.5164,True,High Risk
9975-SKRNR,0.2694,False,Low Risk
3703-KBKZP,0.4546,False,Medium Risk
1449-XQEMT,0.1373,False,Low Risk
2626-URJFX,0.4945,False,Medium Risk
4973-MGTON,0.0117,False,Low Risk
3682-YEUWS,0.054,False,Low Risk
1223-UNPKS,0.0065,False,Low Risk
2612-RRIDN,0.6895,True,High Risk
4735-ASGMA,0.5735,True,High Risk
3446-QDSZF,0.3418,False,Medium Risk
3669-LVWZB,0.4002,False,Medium Risk
6892-EZDTG,0.7613,True,Very High Risk
5117-IFGPS,0.5234,True,High Risk
7379-FNIUJ,0.496,False,Medium Risk
1627-AFWVJ,0.0177,False,Low Risk
9725-SCPZG,0.7697,True,Very High Risk
5884-GCYMI,0.7479,True,Very High Risk
3217-FZDMN,0.6895,True,High Risk
4486-EFAEB,0.0533,False,Low Risk
0060-FUALY,0.2691,False,Low Risk
7853-GVUDZ,0.4244,False,Medium Risk
7480-QNVZJ,0.5173,True,High Risk
6954-OOYZZ,0.228,False,Low Risk
7088-FBAWU,0.1549,False,Low Risk
8313-AFGBW,0.1063,False,Low Risk
3943-KDREE,0.3656,False,Medium Risk
9239-ZBZZV,0.5553,True,High Risk
3097-IDVPU,0.191,False,Low Risk
4398-HSCJH,0.4238,False,Medium Risk
2197-OMWGI,0.1596,False,Low Risk
2303-PJYHN,0.143,False,Low Risk
9795-VOWON,0.294,False,Low Risk
1237-WIYYZ,0.0769,False,Low Risk
1987-AUELQ,0.0064,False,Low Risk
7852-LECYP,0.426,False,Medium Risk
4430-UZIPO,0.4526,False,Medium Risk
4822-LPTYJ,0.1547,False,Low Risk
8165-CBKXO,0.0495,False,Low Risk
6527-PZFPV,0.0153,False,Low Risk
4855-SNKMY,0.5745,True,High Risk
9593-CVZKR,0.023,False,Low Risk
8595-SIZNC,0.0469,False,Low Risk
8008-HAWED,0.4764,False,Medium Risk
7124-UGSUR,0.2099,False,Low Risk
1862-SKORY,0.3513,False,Medium Risk
5236-XMZJY,0.1203,False,Low Risk
4827-DPADN,0.0195,False,Low Risk
2694-CIUMO,0.4803,False,Medium Risk
5846-ABOBJ,0.0035,False,Low Risk
1439-LCGVL,0.0195,False,Low Risk
0909-SDHNU,0.226,False,Low Risk
4647-XXZAM,0.275,False,Low Risk
1502-XFCVR,0.2697,False,Low Risk
7740-KKCXF,0.1788,False,Low Risk
5360-XGYAZ,0.0083,False,Low Risk
9692-TUSXH,0.5637,True,High Risk
7912-SYRQT,0.6388,True,High Risk
3557-HTYWR,0.0279,False,Low Risk
4816-JBHOV,0.6009,True,High Risk
8920-NAVAY,0.2345,False,Low Risk
1699-TLDLZ,0.02,False,Low Risk
5600-PDUJF,0.3144,False,Medium Risk
8292-TYSPY,0.2252,False,Low Risk
0567-XRHCU,0.0309,False,Low Risk
1867-BDVFH,0.5839,True,High Risk
2067-QYTCF,0.2977,False,Low Risk
2359-QWQUL,0.2806,False,Low Risk
9103-TCIHJ,0.2243,False,Low Risk
7407-SUJIZ,0.0432,False,Low Risk
9150-KPBJQ,0.0516,False,Low Risk
0052-DCKON,0.1703,False,Low Risk
3654-ARMGP,0.0281,False,Low Risk
9699-UBQFS,0.3645,False,Medium Risk
9367-TCUYN,0.0854,False,Low Risk
1261-FWTTE,0.3333,False,Medium Risk
3528-HFRIQ,0.189,False,Low Risk
0708-SJDIS,0.1126,False,Low Risk
4140-WJAWW,0.1648,False,Low Risk
2073-QBVBI,0.1343,False,Low Risk
6928-ONTRW,0.0037,False,Low Risk
3320-VEOYC,0.6717,True,High Risk
5231-FIQPA,0.0086,False,Low Risk
6617-WLBQC,0.1641,False,Low Risk
2599-CIPQE,0.0484,False,Low Risk
6653-CBBOM,0.7832,True,Very High Risk
8774-GSBUN,0.0062,False,Low Risk
7326-RIGQZ,0.5883,True,High Risk
1401-FTHFQ,0.0113,False,Low Risk
3247-ZVOUO,0.6696,True,High Risk
0254-FNMCI,0.0989,False,Low Risk
1848-LBZHY,0.2527,False,Low Risk
6101-IMRMM,0.6763,True,High Risk
8118-TJAFG,0.5351,True,High Risk
5429-LWCMV,0.6519,True,High Risk
7298-IZWLY,0.3485,False,Medium Risk
9758-MFWGD,0.1907,False,Low Risk
3955-JBZZM,0.4374,False,Medium Risk
1268-ASBGA,0.5385,True,High Risk
8943-URTMR,0.6728,True,High Risk
4815-TUMEQ,0.0404,False,Low Risk
4713-LZDRV,0.7122,True,Very High Risk
9909-IDLEK,0.2794,False,Low Risk
4092-OFQZS,0.0131,False,Low Risk
1561-BWHIN,0.0234,False,Low Risk
4325-NFSKC,0.5387,True,High Risk
9927-DSWDF,0.4576,False,Medium Risk
9500-LTVBP,0.2941,False,Low Risk
7252-NTGSS,0.4746,False,Medium Risk
8149-AIQCG,0.3251,False,Medium Risk
1360-JYXKQ,0.2625,False,Low Risk
2955-PSXOE,0.3708,False,Medium Risk
7762-URZQH,0.2126,False,Low Risk
0899-WZRSD,0.2201,False,Low Risk
3255-GRXMG,0.2195,False,Low Risk
4828-FAZPK,0.4071,False,Medium Risk
6094-ZIVKX,0.0623,False,Low Risk
6925-BAYGL,0.0283,False,Low Risk
3262-EIDHV,0.0142,False,Low Risk
7354-OIJLX,0.6394,True,High Risk
1376-HHBDV,0.123,False,Low Risk
6907-NZZIJ,0.4769,False,Medium Risk
6133-OZILE,0.3636,False,Medium Risk
4135-FRWKJ,0.0943,False,Low Risk
2911-UREFD,0.2403,False,Low Risk
3744-ZRRDZ,0.5508,True,High Risk
5673-TIYIB,0.5373,True,High Risk
6551-ZCOTS,0.0363,False,Low Risk
7191-ADRGF,0.1195,False,Low Risk
5018-LXQQG,0.0806,False,Low Risk
6892-BOGQE,0.0059,False,Low Risk
1602-IJQQE,0.637,True,High Risk
4628-WQCQQ,0.3701,False,Medium Risk
1746-TGTWV,0.5772,True,High Risk
5995-SNNEW,0.5897,True,High Risk
8050-WYBND,0.2155,False,Low Risk
2821-WARNZ,0.0147,False,Low Risk
4879-GZLFH,0.3834,False,Medium Risk
1644-IRKSF,0.3739,False,Medium Risk
8314-HTWVE,0.0343,False,Low Risk
9402-ROUMJ,0.1589,False,Low Risk
2507-QZPQS,0.4756,False,Medium Risk
7159-NOKYQ,0.1674,False,Low Risk
5707-ZMDJP,0.0194,False,Low Risk
8779-YIQQA,0.0212,False,Low Risk
7136-IHZJA,0.0873,False,Low Risk
8966-OIQHG,0.0299,False,Low Risk
7074-STDCN,0.1891,False,Low Risk
3705-PSNGL,0.0199,False,Low Risk
8739-QOTTN,0.1251,False,Low Risk
1399-OUPJN,0.0167,False,Low Risk
0277-BKSQP,0.3659,False,Medium Risk
6502-HCJTI,0.6312,True,High Risk
2606-RMDHZ,0.3255,False,Medium Risk
5774-XZTQC,0.0849,False,Low Risk
2676-SSLTO,0.0485,False,Low Risk
6266-QHOJZ,0.1459,False,Low Risk
7269-JISCY,0.0877,False,Low Risk
0363-SVHYR,0.0123,False,Low Risk
8547-NSBBO,0.1779,False,Low Risk
8258-GSTJK,0.724,True,Very High Risk
6861-OKBCE,0.1425,False,Low Risk
9940-RHLFB,0.7311,True,Very High Risk
6591-QGOYB,0.3298,False,Medium Risk
9070-BCKQP,0.0758,False,Low Risk
6421-SZVEM,0.238,False,Low Risk
1328-EUZHC,0.0149,False,Low Risk
2995-UPRYS,0.2368,False,Low Risk
8878-RYUKI,0.1868,False,Low Risk
9633-DENPU,0.1475,False,Low Risk
7811-JIVPF,0.2062,False,Low Risk
7113-HIPFI,0.0139,False,Low Risk
8541-QVFKM,0.6453,True,High Risk
6686-YPGHK,0.2751,False,Low Risk
1383-EZRWL,0.1096,False,Low Risk
9258-CNWAC,0.0283,False,Low Risk
5371-VYLSX,0.3368,False,Medium Risk
6374-AFWOX,0.0239,False,Low Risk
4759-TRPLW,0.7557,True,Very High Risk
5317-FLPJF,0.0174,False,Low Risk
7621-VPNET,0.2511,False,Low Risk
6034-YMTOB,0.5666,True,High Risk
8563-IIOXK,0.3554,False,Medium Risk
4903-CNOZC,0.1091,False,Low Risk
4353-HYOJD,0.1308,False,Low Risk
8020-BWHYL,0.4837,False,Medium Risk
7267-FRMJW,0.0104,False,Low Risk
2982-VPSGI,0.7069,True,Very High Risk
4188-FRABG,0.2613,False,Low Risk
8199-ZLLSA,0.2886,False,Low Risk
4128-ETESU,0.4313,False,Medium Risk
0620-DLSLK,0.5076,True,High Risk
4625-EWPTF,0.4668,False,Medium Risk
5980-NOPLP,0.4904,False,Medium Risk
3850-OKINF,0.1033,False,Low Risk
6892-XPFPU,0.5999,True,High Risk
8010-EZLOU,0.6206,True,High Risk
1156-ZFYDO,0.3341,False,Medium Risk
3295-YVUSR,0.6686,True,High Risk
8016-NCFVO,0.2267,False,Low Risk
4119-ZYPZY,0.1525,False,Low Risk
5549-ZGHFB,0.0072,False,Low Risk
7577-SWIFR,0.783,True,Very High Risk
0303-WMMRN,0.0872,False,Low Risk
6408-OTUBZ,0.1336,False,Low Risk
5204-HMGYF,0.0838,False,Low Risk
1078-TDCRN,0.5413,True,High Risk
3727-OVPRY,0.0246,False,Low Risk
3797-FKOGQ,0.5553,True,High Risk
7622-NXQZR,0.2179,False,Low Risk
6196-HBOBZ,0.1159,False,Low Risk
3970-XGJDU,0.0159,False,Low Risk
7017-VFULY,0.145,False,Low Risk
5562-YJQGT,0.118,False,Low Risk
8807-OPMBM,0.02,False,Low Risk
5439-WIKXB,0.4133,False,Medium Risk
9874-QLCLH,0.5857,True,High Risk
8294-UIMBA,0.2323,False,Low Risk
8109-YUOHE,0.1029,False,Low Risk
5840-NVDCG,0.0498,False,Low Risk
8092-NLTGF,0.0141,False,Low Risk
5928-QLDHB,0.6394,True,High Risk
9840-EFJQB,0.7153,True,Very High Risk
0696-UKTOX,0.1494,False,Low Risk
4801-KFYKL,0.0688,False,Low Risk
3472-OAOOR,0.1662,False,Low Risk
6135-OZQVA,0.3708,False,Medium Risk
8062-YBDOE,0.8161,True,Very High Risk
2252-JHJGE,0.235,False,Low Risk
4188-PCPIG,0.0318,False,Low Risk
6000-APYLU,0.6388,True,High Risk
7105-BENQF,0.1161,False,Low Risk
7721-DVEKZ,0.3267,False,Medium Risk
3566-VVORZ,0.2141,False,Low Risk
9507-HSMMZ,0.0189,False,Low Risk
2480-SQIOB,0.4567,False,Medium Risk
0947-IDHRQ,0.6258,True,High Risk
7813-TKCVO,0.0302,False,Low Risk
0128-MKWSG,0.1193,False,Low Risk
3672-YITQD,0.5027,True,High Risk
4350-ZTLPI,0.2072,False,Low Risk
9048-JVYVF,0.4208,False,Medium Risk
0361-HJRDX,0.0166,False,Low Risk
5727-MYATE,0.0095,False,Low Risk
3823-KYNQY,0.0782,False,Low Risk
8988-ECPJR,0.3212,False,Medium Risk
7570-WELNY,0.0652,False,Low Risk
3021-VLNRJ,0.0544,False,Low Risk
3776-EKTKM,0.7425,True,Very High Risk
2080-CAZNM,0.4862,False,Medium Risk
1028-FFNJK,0.4996,False,Medium Risk
6907-FLBER,0.494,False,Medium Risk
3001-UNBTL,0.5225,True,High Risk
5982-PSMKW,0.045,False,Low Risk
3507-GASNP,0.0161,False,Low Risk
7096-ZNBZI,0.0055,False,Low Risk
1902-XBTFB,0.4942,False,Medium Risk
1676-MQAOA,0.0244,False,Low Risk
0786-IVLAW,0.1917,False,Low Risk
7566-DSRLQ,0.0986,False,Low Risk
0643-OKLRP,0.3527,False,Medium Risk
7245-JMTTQ,0.2896,False,Low Risk
6050-IJRHS,0.2194,False,Low Risk
6202-JVYEU,0.0473,False,Low Risk
8591-TKMZH,0.0938,False,Low Risk
0734-OXWBT,0.2969,False,Low Risk
4282-ACRXS,0.3232,False,Medium Risk
0365-TRTPY,0.2099,False,Low Risk
7349-ALMUX,0.0322,False,Low Risk
9381-NDKME,0.313,False,Medium Risk
6502-KUGLL,0.1369,False,Low Risk
1841-YSJGV,0.052,False,Low Risk
2794-XIMMO,0.2045,False,Low Risk
8382-SHQEH,0.7204,True,Very High Risk
3511-BFTJW,0.0373,False,Low Risk
7668-XCFYV,0.5672,True,High Risk
2983-ZANRP,0.6198,True,High Risk
7845-URHJN,0.1671,False,Low Risk
3034-ZBEQN,0.1843,False,Low Risk
5018-HEKFO,0.0823,False,Low Risk
2923-ARZLG,0.2354,False,Low Risk
3976-NLDEZ,0.3683,False,Medium Risk
2282-YGNOR,0.0668,False,Low Risk
5336-UFNZP,0.2242,False,Low Risk
6854-EXGSF,0.2452,False,Low Risk
1241-EZFMJ,0.0077,False,Low Risk
9233-PSYHO,0.2602,False,Low Risk
5376-PCKNB,0.1524,False,Low Risk
8044-BGWPI,0.0991,False,Low Risk
4060-LDNLU,0.7041,True,Very High Risk
3589-PPVKW,0.2971,False,Low Risk
8327-LZKAS,0.4036,False,Medium Risk
5887-IKKYO,0.092,False,Low Risk
1075-BGWOH,0.6293,True,High Risk
1755-RMCXH,0.0824,False,Low Risk
0302-JOIVN,0.6501,True,High Risk
3858-XHYJO,0.2238,False,Low Risk
4299-SIMNS,0.5387,True,High Risk
7025-IWFHT,0.2497,False,Low Risk
6261-LHRTG,0.1732,False,Low Risk
7841-FCRQD,0.1193,False,Low Risk
2056-EVGZL,0.1409,False,Low Risk
8777-MBMTS,0.0834,False,Low Risk
7753-USQYQ,0.0969,False,Low Risk
5366-IJEQJ,0.5565,True,High Risk
7661-CPURM,0.221,False,Low Risk
6233-HXJMX,0.314,False,Medium Risk
5902-WBLSE,0.0049,False,Low Risk
1981-INRFU,0.6991,True,High Risk
4971-PUYQO,0.4394,False,Medium Risk
3239-TPHPZ,0.0397,False,Low Risk
5115-GZDEL,0.0097,False,Low Risk
3338-CVVEH,0.6144,True,High Risk
8485-GJCDN,0.5766,True,High Risk
2615-YVMYX,0.2205,False,Low Risk
2851-STERV,0.1677,False,Low Risk
4393-GEADV,0.0507,False,Low Risk
8486-AYEQH,0.4713,False,Medium Risk
1527-SXDPN,0.1881,False,Low Risk
6029-WTIPC,0.5297,True,High Risk
8634-CILSZ,0.2484,False,Low Risk
5419-JKZNQ,0.3209,False,Medium Risk
2495-KZNFB,0.3732,False,Medium Risk
1409-PHXTF,0.1818,False,Low Risk
4560-WQAQW,0.0531,False,Low Risk
9591-YVTEB,0.2649,False,Low Risk
9309-BZGNT,0.1184,False,Low Risk
4274-DRSQT,0.1712,False,Low Risk
2027-DNKIV,0.0556,False,Low Risk
8075-GXIUB,0.0824,False,Low Risk
2885-HIJDH,0.0216,False,Low Risk
5424-RLQLC,0.2352,False,Low Risk
6682-QJDGB,0.1148,False,Low Risk
6507-DTJZV,0.2167,False,Low Risk
8780-IXSTS,0.7415,True,Very High Risk
7673-BQGKU,0.0034,False,Low Risk
6723-WSNTY,0.1875,False,Low Risk
9530-EHPOH,0.3562,False,Medium Risk
2725-IWWBA,0.0461,False,Low Risk
0345-HKJVM,0.6589,True,High Risk
1061-PNTHC,0.1903,False,Low Risk
0394-YONDK,0.0059,False,Low Risk
6574-MCOEH,0.1629,False,Low Risk
7399-QHBJS,0.0314,False,Low Risk
3049-SOLAY,0.7866,True,Very High Risk
0997-YTLNY,0.1688,False,Low Risk
3317-HRTNN,0.6,True,High Risk
9479-HYNYL,0.0211,False,Low Risk
3235-ETOOB,0.5511,True,High Risk
9708-KFDBY,0.2142,False,Low Risk
8058-INTPH,0.8185,True,Very High Risk
3642-GKTCT,0.161,False,Low Risk
0774-RMNUW,0.0088,False,Low Risk
1334-PDUKM,0.1318,False,Low Risk
0756-MPZRL,0.0955,False,Low Risk
2242-MFOTG,0.1544,False,Low Risk
2927-CVULT,0.1033,False,Low Risk
2144-BFDSO,0.2371,False,Low Risk
8745-PVESG,0.0541,False,Low Risk
7647-GYYKX,0.0084,False,Low Risk
5647-FXOTP,0.3798,False,Medium Risk
5569-OUICF,0.4352,False,Medium Risk
8821-XNHVZ,0.751,True,Very High Risk
2082-OJVTK,0.483,False,Medium Risk
9700-ISPUP,0.279,False,Low Risk
9839-ETQOE,0.1889,False,Low Risk
6078-VESFR,0.4247,False,Medium Risk
9027-TMATR,0.0685,False,Low Risk
5940-NFXKV,0.567,True,High Risk
1941-HOSAM,0.7178,True,Very High Risk
9110-HSGTV,0.0251,False,Low Risk
0704-VCUMB,0.0044,False,Low Risk
6171-ZTVYB,0.0777,False,Low Risk
8053-WWDRO,0.1337,False,Low Risk
9564-KCLHR,0.3881,False,Medium Risk
1935-IMVBB,0.2484,False,Low Risk
2535-PBCGC,0.016,False,Low Risk
2082-CEFLT,0.6046,True,High Risk
1470-PSXNM,0.2784,False,Low Risk
1213-NGCUN,0.3468,False,Medium Risk
2498-XLDZR,0.0331,False,Low Risk
9866-OCCKE,0.0698,False,Low Risk
5338-YHWYT,0.0434,False,Low Risk
7718-UPSKJ,0.1896,False,Low Risk
8731-WBBMB,0.1158,False,Low Risk
1448-CYWKC,0.2018,False,Low Risk
7901-IIDQV,0.0976,False,Low Risk
2690-DVRVK,0.064,False,Low Risk
5688-KZTSN,0.2117,False,Low Risk
1270-XKUCC,0.0129,False,Low Risk
0334-ZFJSR,0.0566,False,Low Risk
2894-QOJRX,0.2762,False,Low Risk
5747-PMBSQ,0.6569,True,High Risk
5583-EJXRD,0.0338,False,Low Risk
4565-EVZMJ,0.0606,False,Low Risk
3143-JQEGI,0.5378,True,High Risk
6386-SZZKH,0.2417,False,Low Risk
3327-YBAKM,0.1434,False,Low Risk
9441-QHEVC,0.2554,False,Low Risk
6705-LNMDD,0.173,False,Low Risk
2580-ASVVY,0.141,False,Low Risk
3370-GQEAL,0.4313,False,Medium Risk
5032-USPKF,0.1095,False,Low Risk
2982-IHMFT,0.7948,True,Very High Risk
3521-SYVOR,0.2481,False,Low Risk
4254-QPEDE,0.0232,False,Low Risk
6283-GITPX,0.0185,False,Low Risk
9526-JAWYF,0.4283,False,Medium Risk
0771-CHWSK,0.0372,False,Low Risk
9788-HNGUT,0.0455,False,Low Risk
9495-REDIY,0.1235,False,Low Risk
5375-XLDOF,0.0902,False,Low Risk
1172-VIYBP,0.0238,False,Low Risk
5649-VUKMC,0.5131,True,High Risk
6559-PDZLR,0.4494,False,Medium Risk
8992-OBVDG,0.1624,False,Low Risk
4273-MBHYA,0.7431,True,Very High Risk
4724-WXVWF,0.3162,False,Medium Risk
5701-GUXDC,0.133,False,Low Risk
1460-UZPRJ,0.0102,False,Low Risk
6082-GLJIX,0.0636,False,Low Risk
5143-EGQFK,0.4906,False,Medium Risk
4919-IKATY,0.5756,True,High Risk
2495-TTHBQ,0.0726,False,Low Risk
0485-ZBSLN,0.005,False,Low Risk
3810-PJUHR,0.0031,False,Low Risk
9050-QLROH,0.3994,False,Medium Risk
0847-HGRML,0.0157,False,Low Risk
8232-CTLKO,0.0799,False,Low Risk
9227-YBAXE,0.0282,False,Low Risk
6168-WFVVF,0.6448,True,High Risk
9860-LISIZ,0.0488,False,Low Risk
0112-QAWRZ,0.4565,False,Medium Risk
0877-SDMBN,0.2544,False,Low Risk
2786-GCDPI,0.4043,False,Medium Risk
4043-MKDTV,0.1329,False,Low Risk
8065-YKXKD,0.6501,True,High Risk
9637-EIHEQ,0.5036,True,High Risk
9229-RQABD,0.0523,False,Low Risk
8313-KTIHG,0.3453,False,Medium Risk
5320-BRKGK,0.0218,False,Low Risk
6284-KMNUF,0.2286,False,Low Risk
9689-PTNPG,0.6978,True,High Risk
9465-RWMXL,0.4533,False,Medium Risk
6229-UOLQL,0.0492,False,Low Risk
2362-IBOOY,0.5028,True,High Risk
3137-LUPIX,0.2915,False,Low Risk
0843-WTBXE,0.2986,False,Low Risk
6143-JQKEA,0.2889,False,Low Risk
8676-OOQEJ,0.3889,False,Medium Risk
5515-IDEJJ,0.4108,False,Medium Risk
9701-CDXHR,0.2204,False,Low Risk
7450-NWRTR,0.7129,True,Very High Risk
8124-NZVGJ,0.2701,False,Low Risk
2162-FRZAA,0.0368,False,Low Risk
5376-DEQCP,0.7869,True,Very High Risk
5118-MUEYH,0.2876,False,Low Risk
9095-HFAFX,0.6315,True,High Risk
5627-TVBPP,0.0164,False,Low Risk
2379-ENZGV,0.6816,True,High Risk
3936-QQFLL,0.1056,False,Low Risk
2589-AYCRP,0.0282,False,Low Risk
4067-HLYQI,0.3531,False,Medium Risk
5124-EOGYE,0.0115,False,Low Risk
5057-RKGLH,0.0249,False,Low Risk
0292-WEGCH,0.1501,False,Low Risk
8910-ICHIU,0.1545,False,Low Risk
4097-YODCF,0.2541,False,Low Risk
9715-WZCLW,0.1273,False,Low Risk
9786-YWNHU,0.0119,False,Low Risk
6407-GSJNL,0.0199,False,Low Risk
6005-OBZPH,0.566,True,High Risk
4049-ZPALD,0.0976,False,Low Risk
7932-WPTDS,0.69,True,High Risk
3733-UOCWF,0.1419,False,Low Risk
6833-JMZYP,0.4893,False,Medium Risk
2722-VOJQL,0.2407,False,Low Risk
1310-QRITU,0.3322,False,Medium Risk
8961-QDZZJ,0.2192,False,Low Risk
9715-SBVSU,0.0791,False,Low Risk
8490-BXHEO,0.4031,False,Medium Risk
7173-TETGO,0.0658,False,Low Risk
7929-SKFGK,0.0636,False,Low Risk
2300-RQGOI,0.0092,False,Low Risk
3563-SVYLG,0.0181,False,Low Risk
5228-EXCET,0.5904,True,High Risk
6435-VWCCY,0.0811,False,Low Risk
4998-IKFSE,0.4439,False,Medium Risk
8630-QSGXK,0.0441,False,Low Risk
2455-USLMV,0.2895,False,Low Risk
7394-FKDNK,0.6449,True,High Risk
9488-FVZCC,0.0145,False,Low Risk
6331-LWDTQ,0.3473,False,Medium Risk
5995-WWKKG,0.0235,False,Low Risk
1597-FZREH,0.4704,False,Medium Risk
7879-CGSFV,0.2072,False,Low Risk
9921-EZKBY,0.2862,False,Low Risk
7432-FFVAR,0.1419,False,Low Risk
7246-ZGQDF,0.3687,False,Medium Risk
7000-WCEVQ,0.3046,False,Medium Risk
0727-IWKVK,0.6322,True,High Risk
5959-BELXA,0.4503,False,Medium Risk
4456-RHSNB,0.2095,False,Low Risk
3512-IZIKN,0.0778,False,Low Risk
2481-SBOYW,0.0067,False,Low Risk
7109-MFBYV,0.2031,False,Low Risk
1833-TCXKK,0.3528,False,Medium Risk
1832-PEUTS,0.0814,False,Low Risk
6141-OOXUQ,0.3402,False,Medium Risk
8660-BUETV,0.4022,False,Medium Risk
0580-PIQHM,0.1896,False,Low Risk
5696-CEIQJ,0.0806,False,Low Risk
7503-ZGUZJ,0.7927,True,Very High Risk
1696-HXOWK,0.0984,False,Low Risk
3026-ATZYV,0.1015,False,Low Risk
4012-YCFAI,0.0137,False,Low Risk
2506-TNFCO,0.8083,True,Very High Risk
9970-QBCDA,0.1139,False,Low Risk
8718-PTMEZ,0.3891,False,Medium Risk
9496-IVVRP,0.1548,False,Low Risk
2207-OBZNX,0.2577,False,Low Risk
2657-VPXTA,0.6046,True,High Risk
6551-VLJMV,0.006,False,Low Risk
1221-GHZEP,0.021,False,Low Risk
9289-LBQVU,0.0989,False,Low Risk
6142-VSJQO,0.5287,True,High Risk
3458-IDMFK,0.0143,False,Low Risk
6933-FHBZC,0.1221,False,Low Risk
0221-NAUXK,0.0545,False,Low Risk
9770-KXGQU,0.1244,False,Low Risk
6437-UKHMV,0.6621,True,High Risk
6538-POCHL,0.3049,False,Medium Risk
6726-NNFWD,0.0875,False,Low Risk
3002-WQZWT,0.4569,False,Medium Risk
4277-UDIEF,0.1267,False,Low Risk
1208-NBVFH,0.2838,False,Low Risk
4912-PIGUY,0.8128,True,Very High Risk
1114-CENIM,0.1707,False,Low Risk
6060-DRTNL,0.6867,True,High Risk
2725-TTRIQ,0.0197,False,Low Risk
3374-TTZTK,0.1534,False,Low Risk
8990-ZXLSU,0.4995,False,Medium Risk
2275-RBYQS,0.5121,True,High Risk
8473-VUVJN,0.819,True,Very High Risk
6289-CPNLD,0.1662,False,Low Risk
5536-SLHPM,0.3932,False,Medium Risk
4419-UJMUS,0.1579,False,Low Risk
7794-JASDG,0.4488,False,Medium Risk
7609-YBPXG,0.0282,False,Low Risk
5519-TEEUH,0.0205,False,Low Risk
7856-GANIL,0.1794,False,Low Risk
0804-XBFBV,0.3325,False,Medium Risk
2676-OXPPQ,0.2607,False,Low Risk
3703-TTEPD,0.1419,False,Low Risk
2799-TSLAG,0.0054,False,Low Risk
0196-VULGZ,0.7604,True,Very High Risk
8837-VVWLQ,0.5509,True,High Risk
2696-NARTR,0.5218,True,High Risk
2208-NKVVH,0.0069,False,Low Risk
7614-QVWQL,0.1861,False,Low Risk
1976-CFOCS,0.5974,True,High Risk
4631-OACRM,0.5868,True,High Risk
7139-JZFVG,0.0187,False,Low Risk
4987-GQWPO,0.2277,False,Low Risk
3755-JBMNH,0.4794,False,Medium Risk
1757-TCATG,0.015,False,Low Risk
6345-ULYRW,0.2659,False,Low Risk
4776-XSKYQ,0.156,False,Low Risk
8048-DSDFQ,0.364,False,Medium Risk
5753-QQWPW,0.1017,False,Low Risk
6010-DDPPW,0.0095,False,Low Risk
1809-DMJHQ,0.3303,False,Medium Risk
6693-FRIRW,0.3738,False,Medium Risk
6586-MYGKD,0.0435,False,Low Risk
3173-NVMPX,0.2445,False,Low Risk
0248-PGHBZ,0.0785,False,Low Risk
0623-GDISB,0.4762,False,Medium Risk
2892-GESUL,0.0177,False,Low Risk
6923-EFPNL,0.4444,False,Medium Risk
7472-EQOAV,0.1058,False,Low Risk
9574-RKJIF,0.3861,False,Medium Risk
2043-WVTQJ,0.3963,False,Medium Risk
8034-RYTVV,0.1403,False,Low Risk
3863-QSTYI,0.1311,False,Low Risk
2619-WFQWU,0.7461,True,Very High Risk
5044-LRQAQ,0.5211,True,High Risk
1716-LSAMB,0.0301,False,Low Risk
1333-PBMXB,0.0252,False,Low Risk
6546-OPBBH,0.0185,False,Low Risk
5985-BEHZK,0.1581,False,Low Risk
9127-QRZMH,0.0741,False,Low Risk
5919-VCZYM,0.1015,False,Low Risk
9644-KVCNC,0.1849,False,Low Risk
2137-DQMEV,0.0605,False,Low Risk
8174-LNWMW,0.0226,False,Low Risk
9279-CJEOJ,0.4919,False,Medium Risk
7964-VEXDG,0.3815,False,Medium Risk
2404-JIBFC,0.0288,False,Low Risk
0778-NELLA,0.3195,False,Medium Risk
8029-XYPWT,0.0514,False,Low Risk
4614-NUVZD,0.8142,True,Very High Risk
4632-PAOYU,0.012,False,Low Risk
3803-KMQFW,0.4395,False,Medium Risk
6804-GDMOI,0.2989,False,Low Risk
2990-OGYTD,0.0208,False,Low Risk
6646-JPPHA,0.3626,False,Medium Risk
9572-MTILT,0.2737,False,Low Risk
7658-UYUQS,0.341,False,Medium Risk
7880-XSOJX,0.2817,False,Low Risk
9611-CTWIH,0.7113,True,Very High Risk
4589-IUAJB,0.0035,False,Low Risk
0329-GTIAJ,0.6983,True,High Risk
8746-BFOAJ,0.0291,False,Low Risk
8457-XIGKN,0.0779,False,Low Risk
6072-NUQCB,0.0219,False,Low Risk
6629-CZTTH,0.5251,True,High Risk
8838-GPHZP,0.0089,False,Low Risk
8750-QWZAJ,0.0037,False,Low Risk
5364-EVNIB,0.5824,True,High Risk
6918-UMQCG,0.6162,True,High Risk
0675-NCDYU,0.0239,False,Low Risk
6339-DKLMK,0.3845,False,Medium Risk
1346-PJWTK,0.1595,False,Low Risk
5088-QZLRL,0.2749,False,Low Risk
8023-QHAIO,0.2143,False,Low Risk
4397-FRLTA,0.117,False,Low Risk
3057-VJJQE,0.0374,False,Low Risk
5087-SUURX,0.4716,False,Medium Risk
2302-OUZXB,0.0519,False,Low Risk
8133-ANHHJ,0.1436,False,Low Risk
2270-CHBFN,0.1717,False,Low Risk
0013-EXCHZ,0.6957,True,High Risk
5982-FPVQN,0.3875,False,Medium Risk
9107-UKCKY,0.1527,False,Low Risk
4654-ULTTN,0.0355,False,Low Risk
5550-VFRLC,0.8167,True,Very High Risk
5546-BYZSM,0.038,False,Low Risk
1492-KGETH,0.1,False,Low Risk
4929-BSTRX,0.5349,True,High Risk
4163-HFTUK,0.0312,False,Low Risk
8215-NGSPE,0.0044,False,Low Risk
2225-ZRGSG,0.0987,False,Low Risk
8859-YSTWS,0.0228,False,Low Risk
5271-YNWVR,0.0555,False,Low Risk
7601-DHFWZ,0.0285,False,Low Risk
2657-ALMWY,0.4391,False,Medium Risk
6330-JKLPC,0.564,True,High Risk
4667-OHGKG,0.3319,False,Medium Risk
1998-VHJHK,0.0144,False,Low Risk
1707-HABPF,0.1801,False,Low Risk
1660-HSOOQ,0.5421,True,High Risk
7253-UVNDW,0.1104,False,Low Risk
0487-VVUVK,0.0587,False,Low Risk
7228-OMTPN,0.709,True,Very High Risk
5063-IUOKK,0.0302,False,Low Risk
4508-OEBEY,0.115,False,Low Risk
0027-KWYKW,0.5157,True,High Risk
2308-STERM,0.1109,False,Low Risk
5982-XMDEX,0.0073,False,Low Risk
6284-AHOOQ,0.3729,False,Medium Risk
6051-PTVNS,0.0188,False,Low Risk
2344-JMOGN,0.6369,True,High Risk
3799-ISUZQ,0.5582,True,High Risk
2877-VDUER,0.0986,False,Low Risk
9152-AMKAK,0.1463,False,Low Risk
1794-HBQTJ,0.4873,False,Medium Risk
9432-VOFYX,0.4908,False,Medium Risk
8049-WJCLQ,0.1917,False,Low Risk
6586-PSJOX,0.1391,False,Low Risk
2460-FPSYH,0.2964,False,Low Risk
9705-ZJBCG,0.0923,False,Low Risk
4818-DRBQT,0.3625,False,Medium Risk
1320-HTRDR,0.7074,True,Very High Risk
6847-KJLTS,0.2985,False,Low Risk
9670-BPNXF,0.084,False,Low Risk
3913-FCUUW,0.0157,False,Low Risk
3301-VKTGC,0.1196,False,Low Risk
1493-AMTIE,0.352,False,Medium Risk
9555-SAHUZ,0.1282,False,Low Risk
0816-TSPHQ,0.1095,False,Low Risk
9932-WBWIK,0.0827,False,Low Risk
4619-EVPHY,0.3146,False,Medium Risk
5286-YHCVC,0.1561,False,Low Risk
6424-ELEYH,0.6775,True,High Risk
4391-RESHN,0.4411,False,Medium Risk
9115-YQHGA,0.1663,False,Low Risk
4462-CYWMH,0.2584,False,Low Risk
8963-MQVYN,0.0609,False,Low Risk
2458-EOMRE,0.1719,False,Low Risk
9334-GWGOW,0.7127,True,Very High Risk
6821-BUXUX,0.6084,True,High Risk
5028-HTLJB,0.4712,False,Medium Risk
9801-GDWGV,0.4769,False,Medium Risk
6542-LWGXJ,0.4614,False,Medium Risk
5567-GZKQY,0.0091,False,Low Risk
1222-LRYKO,0.0879,False,Low Risk
2320-JRSDE,0.4956,False,Medium Risk
2087-QAREY,0.2151,False,Low Risk
0601-WZHJF,0.4379,False,Medium Risk
4423-JWZJN,0.1404,False,Low Risk
5143-WMWOG,0.4095,False,Medium Risk
6490-FGZAT,0.0856,False,Low Risk
5393-RXQSZ,0.8005,True,Very High Risk
7452-FOLON,0.0359,False,Low Risk
2320-TZRRH,0.0241,False,Low Risk
0231-LXVAP,0.6909,True,High Risk
9444-JTXHZ,0.7709,True,Very High Risk
4942-VZZOM,0.0605,False,Low Risk
5510-BOIUJ,0.2916,False,Low Risk
7502-BNYGS,0.1408,False,Low Risk
4291-HYEBC,0.1882,False,Low Risk
6147-CBCRA,0.058,False,Low Risk
6047-SUHPR,0.1083,False,Low Risk
4471-KXAUH,0.4136,False,Medium Risk
9752-ZNQUT,0.5493,True,High Risk
7638-QVMVY,0.6672,True,High Risk
1576-PFZIW,0.0776,False,Low Risk
5666-MBJPT,0.0087,False,Low Risk
7312-XSBAT,0.4409,False,Medium Risk
3096-GKWEB,0.575,True,High Risk
2371-JQHZZ,0.5547,True,High Risk
0674-GCDXG,0.0256,False,Low Risk
1121-QSIVB,0.134,False,Low Risk
4396-KLSEH,0.1059,False,Low Risk
3244-DCJWY,0.779,True,Very High Risk
2824-MYYBN,0.452,False,Medium Risk
0875-CABNR,0.5894,True,High Risk
6345-HOVES,0.2318,False,Low Risk
8318-LCNBW,0.0916,False,Low Risk
6469-QJKZW,0.1168,False,Low Risk
0147-ESWWR,0.464,False,Medium Risk
1217-VASWC,0.2621,False,Low Risk
7812-FZHPE,0.1398,False,Low Risk
6370-ZVHDV,0.0061,False,Low Risk
5915-DGNVC,0.1021,False,Low Risk
6260-XLACS,0.0546,False,Low Risk
3566-CAAYU,0.0947,False,Low Risk
4983-CCWMC,0.5833,True,High Risk
9103-CXVOK,0.3158,False,Medium Risk
2896-TBNBE,0.2102,False,Low Risk
4797-AXPXK,0.4509,False,Medium Risk
5229-PRWKT,0.7139,True,Very High Risk
6982-UQZLY,0.5299,True,High Risk
2522-WLNSF,0.0993,False,Low Risk
3841-CONLJ,0.5889,True,High Risk
5057-LCOUI,0.2785,False,Low Risk
0193-ESZXP,0.2393,False,Low Risk
4475-NVTLU,0.0115,False,Low Risk
4369-HTUIF,0.5981,True,High Risk
9386-LDCZR,0.1155,False,Low Risk
9585-KKMFD,0.0067,False,Low Risk
5399-ZIMKF,0.6269,True,High Risk
0336-KXKFK,0.0126,False,Low Risk
5619-XZZKR,0.0467,False,Low Risk
3948-FVVRP,0.1974,False,Low Risk
5327-XOKKY,0.0854,False,Low Risk
0983-TATYJ,0.1036,False,Low Risk
1813-JYWTO,0.0535,False,Low Risk
0156-FVPTA,0.3292,False,Medium Risk
1984-FCOWB,0.3363,False,Medium Risk
0654-HMSHN,0.5349,True,High Risk
6719-OXYBR,0.4792,False,Medium Risk
3312-ZWLGF,0.4481,False,Medium Risk
6476-YHMGA,0.151,False,Low Risk
5287-QWLKY,0.2515,False,Low Risk
0795-XCCTE,0.0069,False,Low Risk
0168-XZKBB,0.5556,True,High Risk
3785-NRHYR,0.3402,False,Medium Risk
5196-SGOAK,0.7997,True,Very High Risk
4537-DKTAL,0.5035,True,High Risk
7072-MBHEV,0.4437,False,Medium Risk
5602-BVFMK,0.034,False,Low Risk
6297-NOOPG,0.129,False,Low Risk
1891-UAWWU,0.502,True,High Risk
8204-TIFGJ,0.0433,False,Low Risk
8050-DVOJX,0.0577,False,Low Risk
6108-OQZDQ,0.7653,True,Very High Risk
0363-QJVFX,0.2682,False,Low Risk
8903-XEBGX,0.5363,True,High Risk
8169-SAEJD,0.055,False,Low Risk
9840-DVNDC,0.5996,True,High Risk
1089-XZWHH,0.0197,False,Low Risk
2325-WINES,0.2671,False,Low Risk
6064-ZATLR,0.0563,False,Low Risk
3096-JRDSO,0.4258,False,Medium Risk
7824-PANSQ,0.1864,False,Low Risk
8042-JVNFH,0.7342,True,Very High Risk
9648-BCHKM,0.0529,False,Low Risk
2888-ADFAO,0.0064,False,Low Risk
8707-HOEDG,0.1232,False,Low Risk
3374-LXDEV,0.5191,True,High Risk
4072-IPYLT,0.0973,False,Low Risk
7167-PCEYD,0.0145,False,Low Risk
4936-YPJNK,0.0766,False,Low Risk
1580-BMCMR,0.4527,False,Medium Risk
4817-KEQSP,0.0084,False,Low Risk
6408-WHTEF,0.009,False,Low Risk
9251-AWQGT,0.0049,False,Low Risk
8749-CLJXC,0.3719,False,Medium Risk
7989-VCQOH,0.2344,False,Low Risk
5049-GLYVG,0.3683,False,Medium Risk
4199-QHJNM,0.1026,False,Low Risk
8882-TLVRW,0.0198,False,Low Risk
5883-GTGVD,0.5966,True,High Risk
5135-GRQJV,0.0345,False,Low Risk
2384-OVPSA,0.0135,False,Low Risk
1371-WEPDS,0.143,False,Low Risk
3580-GICBM,0.0153,False,Low Risk
4817-QRJSX,0.5887,True,High Risk
9730-DRTMJ,0.0812,False,Low Risk
4686-UXDML,0.471,False,Medium Risk
3349-ANQNH,0.3357,False,Medium Risk
2398-YPMUR,0.5694,True,High Risk
0932-YIXYU,0.0073,False,Low Risk
7480-SPLEF,0.0102,False,Low Risk
7636-XUHWW,0.121,False,Low Risk
1431-CYWMH,0.0451,False,Low Risk
5937-EORGB,0.573,True,High Risk
6349-JDHQP,0.0246,False,Low Risk
5539-HIVAK,0.0594,False,Low Risk
5847-MXBEO,0.0161,False,Low Risk
9985-MWVIX,0.7461,True,Very High Risk
4583-PARNH,0.4887,False,Medium Risk
1116-FRYVH,0.0225,False,Low Risk
1421-HCERK,0.251,False,Low Risk
9633-XQABV,0.6281,True,High Risk
0716-BQNDX,0.1334,False,Low Risk
1265-XTECC,0.2098,False,Low Risk
1183-CANVH,0.0917,False,Low Risk
1972-XMUWV,0.0369,False,Low Risk
8679-LZBMD,0.2354,False,Low Risk
3407-JMJQQ,0.0838,False,Low Risk
6252-DFGTK,0.0655,False,Low Risk
1539-LNKHM,0.0731,False,Low Risk
8645-KOMJQ,0.0265,False,Low Risk
0289-IVARM,0.1355,False,Low Risk
9761-XUJWD,0.2521,False,Low Risk
4057-FKCZK,0.1087,False,Low Risk
4291-TPNFG,0.0119,False,Low Risk
6087-YPWHO,0.0157,False,Low Risk
3090-QFUVD,0.1885,False,Low Risk
2237-ZFSMY,0.3111,False,Medium Risk
1722-LDZJS,0.0152,False,Low Risk
1818-ESQMW,0.3782,False,Medium Risk
4871-JTKJF,0.8176,True,Very High Risk
1415-YFWLT,0.8013,True,Very High Risk
7401-RUBNK,0.3902,False,Medium Risk
0506-YLVKJ,0.0073,False,Low Risk
8661-BOYNW,0.0177,False,Low Risk
6711-VTNRE,0.3581,False,Medium Risk
4815-GBTCD,0.5098,True,High Risk
2805-AUFQN,0.0319,False,Low Risk
0980-PVMRC,0.244,False,Low Risk
7233-DRTRF,0.3958,False,Medium Risk
3500-RMZLT,0.5655,True,High Risk
3873-NFTGI,0.2447,False,Low Risk
1162-ECVII,0.0961,False,Low Risk
7048-GXDAY,0.3678,False,Medium Risk
8571-ZCMCX,0.0537,False,Low Risk
1169-WCVAK,0.2667,False,Low Risk
4548-SDBKE,0.7414,True,Very High Risk
8066-POXGX,0.4719,False,Medium Risk
7129-CAKJW,0.3431,False,Medium Risk
8695-ARGXZ,0.4732,False,Medium Risk
3570-YUEKJ,0.1955,False,Low Risk
4143-OOBWZ,0.7345,True,Very High Risk
1555-HAPSU,0.0028,False,Low Risk
1697-NVVGY,0.1733,False,Low Risk
7854-EKTJL,0.1678,False,Low Risk
8464-EETCQ,0.0351,False,Low Risk
2419-FSORS,0.1423,False,Low Risk
8132-YPVBX,0.6399,True,High Risk
9102-IAYHT,0.5618,True,High Risk
6754-LZUKA,0.0534,False,Low Risk
3422-LYEPQ,0.7635,True,Very High Risk
8099-MZPUJ,0.1022,False,Low Risk
0787-LHDYT,0.0929,False,Low Risk
2642-DTVCO,0.7243,True,Very High Risk
0374-IOEGQ,0.4752,False,Medium Risk
4361-JEIVL,0.5857,True,High Risk
3197-NNYNB,0.1195,False,Low Risk
3396-DKDEL,0.0565,False,Low Risk
1752-OZXFY,0.0602,False,Low Risk
9066-QRSDU,0.072,False,Low Risk
9112-WSNPU,0.4024,False,Medium Risk
9867-NNXLC,0.0408,False,Low Risk
5321-NTRKC,0.0618,False,Low Risk
1363-TXLSL,0.7832,True,Very High Risk
9507-EXLTT,0.7621,True,Very High Risk
3161-GETRM,0.3063,False,Medium Risk
0402-OAMEN,0.0028,False,Low Risk
6933-VLYFX,0.1123,False,Low Risk
6754-WKSHP,0.0461,False,Low Risk
9846-GKXAS,0.661,True,High Risk
6017-PPLPX,0.4989,False,Medium Risk
4976-LNFVV,0.2573,False,Low Risk
5055-MGMGF,0.2677,False,Low Risk
4641-FROLU,0.0162,False,Low Risk
2862-JVEOY,0.0333,False,Low Risk
2969-QWUBZ,0.498,False,Medium Risk
9822-BIIGN,0.1171,False,Low Risk
2077-MPJQO,0.7014,True,Very High Risk
1534-OULXE,0.055,False,Low Risk
7136-RVDTZ,0.3033,False,Medium Risk
2971-SGAFL,0.3393,False,Medium Risk
1480-IVEVR,0.2167,False,Low Risk
2905-KFQUV,0.5815,True,High Risk
4581-SSPWD,0.7116,True,Very High Risk
3370-HXOPH,0.6456,True,High Risk
9391-YZEJW,0.2226,False,Low Risk
9958-MEKUC,0.0438,False,Low Risk
0281-CNTZX,0.0093,False,Low Risk
6927-WTFIV,0.3601,False,Medium Risk
4118-CEVPF,0.2224,False,Low Risk
3398-ZOUAA,0.5094,True,High Risk
9114-VEPUF,0.1811,False,Low Risk
7876-BEUTG,0.2745,False,Low Risk
2338-BQEZT,0.1184,False,Low Risk
9873-MNDKV,0.2515,False,Low Risk
0378-NHQXU,0.5128,True,High Risk
8241-JUIQO,0.0527,False,Low Risk
2194-IIQOF,0.0114,False,Low Risk
4512-ZUIYL,0.589,True,High Risk
9631-RXVJM,0.0205,False,Low Risk
9584-EXCDZ,0.356,False,Medium Risk
7969-AULMZ,0.6049,True,High Risk
5093-FEGLU,0.0115,False,Low Risk
2621-UDNLU,0.1292,False,Low Risk
7526-IVLYU,0.1044,False,Low Risk
2428-HYUNX,0.019,False,Low Risk
9214-EKVXR,0.4912,False,Medium Risk
3410-MHHUM,0.2392,False,Low Risk
0568-ONFPC,0.219,False,Low Risk
0733-VUNUW,0.1404,False,Low Risk
4550-EVXNY,0.8153,True,Very High Risk
2122-YWVYA,0.4335,False,Medium Risk
2968-SSGAA,0.7577,True,Very High Risk
2296-DKZFP,0.0244,False,Low Risk
4844-JJWUY,0.8153,True,Very High Risk
6777-TGHTM,0.2451,False,Low Risk
8909-BOLNL,0.0736,False,Low Risk
6603-YRDCJ,0.0278,False,Low Risk
3538-WZPHD,0.6021,True,High Risk
3229-USWAR,0.1017,False,Low Risk
2138-VFAPZ,0.0228,False,Low Risk
6131-JLWZM,0.0695,False,Low Risk
4785-QRJHC,0.1478,False,Low Risk
0269-XFESX,0.017,False,Low Risk
1709-EJDOX,0.0126,False,Low Risk
4316-XCSLJ,0.1701,False,Low Risk
8610-WFCJF,0.4291,False,Medium Risk
9693-XMUOB,0.3175,False,Medium Risk
0383-CLDDA,0.0251,False,Low Risk
4905-JEFDW,0.3756,False,Medium Risk
2709-UQGNP,0.2164,False,Low Risk
3549-ZTMNH,0.0322,False,Low Risk
7881-INRLC,0.3708,False,Medium Risk
8033-ATFAS,0.1471,False,Low Risk
1635-NZATJ,0.0082,False,Low Risk
0562-HKHML,0.0026,False,Low Risk
8277-RVRSV,0.0167,False,Low Risk
9943-VSZUV,0.245,False,Low Risk
0117-LFRMW,0.166,False,Low Risk
6172-FECYY,0.4105,False,Medium Risk
7054-ENNGU,0.2147,False,Low Risk
1455-HFBXA,0.0769,False,Low Risk
9402-CXWPL,0.2259,False,Low Risk
1628-BIZYP,0.7966,True,Very High Risk
1965-AKTSX,0.6383,True,High Risk
0082-LDZUE,0.5092,True,High Risk
4786-UKSNZ,0.364,False,Medium Risk
5343-SGUBI,0.1633,False,Low Risk
0856-NAOES,0.2569,False,Low Risk
1976-AZZPJ,0.2129,False,Low Risk
7248-VZQLC,0.3331,False,Medium Risk
6156-UZDLF,0.1372,False,Low Risk
3099-OONVS,0.1592,False,Low Risk
9500-WBGRP,0.0457,False,Low Risk
5183-KLYEM,0.0392,False,Low Risk
5144-PQCDZ,0.1001,False,Low Risk
8514-VZHEB,0.0207,False,Low Risk
6625-IUTTT,0.0277,False,Low Risk
9355-NPPFS,0.4538,False,Medium Risk
0068-FIGTF,0.1222,False,Low Risk
5965-GGPRW,0.0808,False,Low Risk
8035-PWSEV,0.6198,True,High Risk
2236-HILPA,0.0025,False,Low Risk
1840-BIUOG,0.1549,False,Low Risk
1356-MKYSK,0.2144,False,Low Risk
6080-LNESI,0.0215,False,Low Risk
1830-IPXVJ,0.0123,False,Low Risk
5828-DWPIL,0.2281,False,Low Risk
8398-TBIYD,0.0539,False,Low Risk
0011-IGKFF,0.6446,True,High Risk
4192-GORJT,0.7226,True,Very High Risk
6496-SLWHQ,0.77,True,Very High Risk
9912-GVSEQ,0.5454,True,High Risk
2931-FSOHN,0.3093,False,Medium Risk
9418-RUKPH,0.0109,False,Low Risk
5383-MMTWC,0.7374,True,Very High Risk
9971-ZWPBF,0.3792,False,Medium Risk
4712-AUQZO,0.1719,False,Low Risk
9711-FJTBX,0.1112,False,Low Risk
2908-ZTPNF,0.1646,False,Low Risk
7240-ETPTR,0.5384,True,High Risk
2202-CUYXZ,0.8004,True,Very High Risk
5995-OIGLP,0.1722,False,Low Risk
8421-WZOOW,0.1754,False,Low Risk
6261-RCVNS,0.1395,False,Low Risk
7951-QKZPL,0.1472,False,Low Risk
1414-YADCW,0.0461,False,Low Risk
8756-RDDLT,0.1564,False,Low Risk
2862-PFNIK,0.6003,True,High Risk
5816-QVHRX,0.3169,False,Medium Risk
4430-YHXGG,0.0862,False,Low Risk
6888-SBYAI,0.4488,False,Medium Risk
7395-XWZOY,0.1934,False,Low Risk
7169-YWAMK,0.0221,False,Low Risk
3640-PHQXK,0.4822,False,Medium Risk
6877-LGWXO,0.4854,False,Medium Risk
6859-RKMZJ,0.2402,False,Low Risk
2729-VNVAP,0.0103,False,Low Risk
2957-JIRMN,0.2654,False,Low Risk
2049-BAFNW,0.3731,False,Medium Risk
3842-QTGDL,0.2878,False,Low Risk
7163-OCEQI,0.165,False,Low Risk
9782-LGXMC,0.0678,False,Low Risk
5975-BAICR,0.0909,False,Low Risk
8019-ENHXU,0.4162,False,Medium Risk
5167-GBFRE,0.5371,True,High Risk
9033-EOXWV,0.21,False,Low Risk
4673-KKSLS,0.2581,False,Low Risk
4853-OITSN,0.5836,True,High Risk
9800-OUIGR,0.0018,False,Low Risk
1324-NLTJE,0.297,False,Low Risk
2324-EFHVG,0.155,False,Low Risk
7094-MSZAO,0.0712,False,Low Risk
1522-VVDMG,0.6044,True,High Risk
6907-CQGPN,0.1963,False,Low Risk
0780-XNZFN,0.0133,False,Low Risk
0239-OXEXL,0.1921,False,Low Risk
2675-IJRGJ,0.0452,False,Low Risk
7049-GKVZY,0.1425,False,Low Risk
8577-QSOCG,0.0121,False,Low Risk
3721-CNZHX,0.0319,False,Low Risk
0212-ISBBF,0.3222,False,Medium Risk
9185-TQCVP,0.6572,True,High Risk
3585-YNADK,0.0697,False,Low Risk
5271-DBYSJ,0.4877,False,Medium Risk
1099-GODLO,0.1658,False,Low Risk
6828-HMKWP,0.0193,False,Low Risk
5567-WSELE,0.7961,True,Very High Risk
1472-TNCWL,0.3711,False,Medium Risk
8063-RJYNF,0.583,True,High Risk
0687-ZVTHB,0.1275,False,Low Risk
2080-GKCWQ,0.5616,True,High Risk
9661-ACXBS,0.4191,False,Medium Risk
2193-SFWQW,0.0385,False,Low Risk
5656-JAMLX,0.0142,False,Low Risk
3462-BJQQA,0.7263,True,Very High Risk
0442-TDYUO,0.0121,False,Low Risk
6733-LRIZX,0.2732,False,Low Risk
9503-XJUME,0.0152,False,Low Risk
4367-NHWMM,0.5285,True,High Risk
3727-RJMEO,0.7362,True,Very High Risk
3779-OSWCF,0.0125,False,Low Risk
6736-DHUQI,0.0847,False,Low Risk
3915-ODIYG,0.1177,False,Low Risk
1360-RCYRT,0.1889,False,Low Risk
2724-FJDYW,0.097,False,Low Risk
4451-RWASJ,0.0556,False,Low Risk
6646-VRFOL,0.4588,False,Medium Risk
3460-TJBWI,0.0132,False,Low Risk
5917-HBSDW,0.0509,False,Low Risk
5685-IIXLY,0.6864,True,High Risk
5671-UUNXD,0.2926,False,Low Risk
0956-ACVZC,0.2088,False,Low Risk
2325-NBPZG,0.5473,True,High Risk
4250-ZBWLV,0.3396,False,Medium Risk
4482-FTFFX,0.3512,False,Medium Risk
8859-DZTGQ,0.016,False,Low Risk
0440-MOGPM,0.1589,False,Low Risk
0020-JDNXP,0.0653,False,Low Risk
3752-CQSJI,0.0646,False,Low Risk
5025-GOOKI,0.0939,False,Low Risk
4698-KVLLG,0.0111,False,Low Risk
5095-AESKG,0.7222,True,Very High Risk
2887-JPYLU,0.1428,False,Low Risk
4770-QAZXN,0.0859,False,Low Risk
4896-CPRPF,0.0095,False,Low Risk
1871-MOWRM,0.4373,False,Medium Risk
9714-EDSUC,0.4756,False,Medium Risk
2027-OAQQC,0.2265,False,Low Risk
0282-NVSJS,0.243,False,Low Risk
9090-SGQXL,0.3942,False,Medium Risk
6595-YGXIT,0.5862,True,High Risk
7353-YOWFP,0.0589,False,Low Risk
9835-ZIITK,0.325,False,Medium Risk
8008-ESFLK,0.2452,False,Low Risk
7537-CBQUZ,0.2123,False,Low Risk
1555-DJEQW,0.1006,False,Low Risk
5649-TJHOV,0.3237,False,Medium Risk
0519-XUZJU,0.7194,True,Very High Risk
3363-EWLGO,0.1166,False,Low Risk
4750-UKWJK,0.0297,False,Low Risk
6338-AVWCY,0.4901,False,Medium Risk
1689-YQBYY,0.5689,True,High Risk
4487-ZYJZK,0.0153,False,Low Risk
2959-FENLU,0.5563,True,High Risk
0708-LGSMF,0.2816,False,Low Risk
9253-QXKBE,0.5523,True,High Risk
7634-HLQJR,0.0033,False,Low Risk
0487-RPVUM,0.1765,False,Low Risk
4079-ULGFR,0.0846,False,Low Risk
2516-XSJKX,0.0677,False,Low Risk
0057-QBUQH,0.0232,False,Low Risk
9445-SZLCH,0.3368,False,Medium Risk
6599-SFQVE,0.4317,False,Medium Risk
8331-ZXFOE,0.0669,False,Low Risk
4003-FUSHP,0.2223,False,Low Risk
0356-ERHVT,0.2455,False,Low Risk
7325-ENZFI,0.0757,False,Low Risk
4884-ZTHVF,0.6705,True,High Risk
3920-HIHMQ,0.153,False,Low Risk
3055-OYMSE,0.27,False,Low Risk
0613-WUXUM,0.0264,False,Low Risk
7568-PODML,0.6111,True,High Risk
4458-KVRBJ,0.0125,False,Low Risk
5349-IECLD,0.7028,True,Very High Risk
1397-XKKWR,0.1777,False,Low Risk
3945-GFWQL,0.3678,False,Medium Risk
8097-OMULG,0.0774,False,Low Risk
6013-BHCAW,0.0361,False,Low Risk
0401-WDBXM,0.0999,False,Low Risk
3387-PLKUI,0.0559,False,Low Risk
6096-EGVTU,0.0279,False,Low Risk
3797-VTIDR,0.6329,True,High Risk
5081-NWSUP,0.1597,False,Low Risk
2580-ATZSQ,0.0569,False,Low Risk
8085-MSNLK,0.0663,False,Low Risk
9691-HKOVS,0.1014,False,Low Risk
9881-VCZEP,0.1804,False,Low Risk
9526-BIHHD,0.4592,False,Medium Risk
8757-TFHHJ,0.4758,False,Medium Risk
4523-WXCEF,0.3666,False,Medium Risk
1468-DEFNC,0.0068,False,Low Risk
5119-KEPFY,0.3902,False,Medium Risk
8364-TRMMK,0.4719,False,Medium Risk
0916-KNFAJ,0.0297,False,Low Risk
8319-QBEHW,0.1674,False,Low Risk
3063-QFSZL,0.5725,True,High Risk
8775-LHDJH,0.8469,True,Very High Risk
9625-QNLUX,0.0662,False,Low Risk
3097-NQYSN,0.7484,True,Very High Risk
4024-CSNBY,0.0484,False,Low Risk
7110-BDTWG,0.1671,False,Low Risk
7493-GVFIO,0.0107,False,Low Risk
0690-SRQID,0.0947,False,Low Risk
9605-WGJVW,0.775,True,Very High Risk
9114-DPSIA,0.0127,False,Low Risk
4700-UBQMV,0.1552,False,Low Risk
7711-GQBZC,0.0033,False,Low Risk
3565-UNOCC,0.458,False,Medium Risk
4627-MIHJH,0.1452,False,Low Risk
9795-NREXC,0.0243,False,Low Risk
8573-CGOCC,0.0981,False,Low Risk
7356-AYNJP,0.0773,False,Low Risk
9249-FXSCK,0.2365,False,Low Risk
5493-SDRDQ,0.4385,False,Medium Risk
6286-SUUWT,0.3795,False,Medium Risk
4819-HJPIW,0.2198,False,Low Risk
8654-DHAOW,0.4372,False,Medium Risk
5438-QMDDL,0.2145,False,Low Risk
9812-GHVRI,0.3237,False,Medium Risk
5553-AOINX,0.2397,False,Low Risk
1228-ZLNBX,0.3151,False,Medium Risk
4226-KKDON,0.2776,False,Low Risk
3831-YCPUO,0.0306,False,Low Risk
7445-WMRBW,0.0875,False,Low Risk
3308-DGHKL,0.0327,False,Low Risk
9924-JPRMC,0.0817,False,Low Risk
0080-EMYVY,0.1448,False,Low Risk
6218-KNUBD,0.3055,False,Medium Risk
7337-CINUD,0.0326,False,Low Risk
7609-NRNCA,0.0281,False,Low Risk
0623-EJQEG,0.1667,False,Low Risk
7153-CHRBV,0.0405,False,Low Risk
0871-URUWO,0.5587,True,High Risk
9190-MFJLN,0.4561,False,Medium Risk
6198-PNNSZ,0.1753,False,Low Risk
3317-VLGQT,0.5653,True,High Risk
4132-POCZS,0.2106,False,Low Risk
5614-DNZCE,0.0316,False,Low Risk
1095-JUDTC,0.4079,False,Medium Risk
3896-RCYYE,0.109,False,Low Risk
9638-JIQYA,0.5385,True,High Risk
3258-SANFR,0.3163,False,Medium Risk
3726-TBHQT,0.0488,False,Low Risk
3190-ITQXP,0.0053,False,Low Risk
0870-VEMYL,0.2378,False,Low Risk
4833-QTJNO,0.156,False,Low Risk
3039-MJSLN,0.0868,False,Low Risk
0178-CIIKR,0.1168,False,Low Risk
5385-SUIRI,0.4186,False,Medium Risk
3982-XWFZQ,0.2216,False,Low Risk
5774-QPLTF,0.016,False,Low Risk
2322-VCZHZ,0.4066,False,Medium Risk
5010-IPEAQ,0.0128,False,Low Risk
4009-ALQFH,0.5294,True,High Risk
6383-ZTSIW,0.212,False,Low Risk
8990-YOZLV,0.0204,False,Low Risk
3069-SSVSN,0.4151,False,Medium Risk
5222-IMUKT,0.4273,False,Medium Risk
3627-FCRDW,0.5399,True,High Risk
7562-GSUHK,0.4638,False,Medium Risk
6685-XSHHU,0.0053,False,Low Risk
8901-UPRHR,0.0865,False,Low Risk
4903-UYAVB,0.145,False,Low Risk
0118-JPNOY,0.3316,False,Medium Risk
6776-TLWOI,0.1148,False,Low Risk
3845-FXCYS,0.177,False,Low Risk
5857-XRECV,0.0906,False,Low Risk
0725-CXOTM,0.1098,False,Low Risk
4343-EJVQB,0.4077,False,Medium Risk
9000-PLFUZ,0.099,False,Low Risk
3427-GGZZI,0.5434,True,High Risk
7779-ORAEL,0.0531,False,Low Risk
0644-OQMDK,0.6328,True,High Risk
4077-CROMM,0.4644,False,Medium Risk
3154-CFSZG,0.2426,False,Low Risk
2868-MZAGQ,0.815,True,Very High Risk
4847-QNOKA,0.5177,True,High Risk
2220-IAHLS,0.1386,False,Low Risk
1658-XUHBX,0.2459,False,Low Risk
6379-RXJRQ,0.5909,True,High Risk
2378-HTWFW,0.2816,False,Low Risk
8650-RHRKE,0.5525,True,High Risk
4377-VDHYI,0.2433,False,Low Risk
0475-RIJEP,0.4304,False,Medium Risk
1260-TTRXI,0.5076,True,High Risk
3719-TDVQB,0.0213,False,Low Risk
6328-ZPBGN,0.6958,True,High Risk
0201-MIBOL,0.1419,False,Low Risk
4937-QPZPO,0.3349,False,Medium Risk
2925-VDZHY,0.0108,False,Low Risk
6981-TDRFT,0.1368,False,Low Risk
3413-CSSTH,0.1526,False,Low Risk
8033-VCZGH,0.3032,False,Medium Risk
4789-KWMXN,0.2549,False,Low Risk
0224-NIJLP,0.0219,False,Low Risk
7542-CYDDM,0.067,False,Low Risk
4718-WXBGI,0.0117,False,Low Risk
2867-UIMSS,0.7961,True,Very High Risk
8495-PRWFH,0.2013,False,Low Risk
0439-IFYUN,0.4807,False,Medium Risk
5716-LIBJC,0.3653,False,Medium Risk
2868-LLSKM,0.1251,False,Low Risk
8111-RKSPX,0.6653,True,High Risk
2988-QRAJY,0.121,False,Low Risk
1585-MQSSU,0.2001,False,Low Risk
0071-NDAFP,0.0368,False,Low Risk
2856-NNASM,0.366,False,Medium Risk
7328-ZJAJO,0.006,False,Low Risk
6458-CYIDZ,0.4161,False,Medium Risk
8559-CIZFV,0.1845,False,Low Risk
1090-PYKCI,0.1059,False,Low Risk
3058-WQDRE,0.2877,False,Low Risk
7547-EKNFS,0.334,False,Medium Risk
2279-AXJJK,0.2353,False,Low Risk
6769-DYBQN,0.3267,False,Medium Risk
0909-SELIE,0.0221,False,Low Risk
3417-TSCIC,0.1544,False,Low Risk
1042-HFUCW,0.1198,False,Low Risk
4439-JMPMT,0.6591,True,High Risk
6537-OTKMY,0.2879,False,Low Risk
8999-EXMNO,0.0139,False,Low Risk
6725-TPKJO,0.0122,False,Low Risk
2446-BEGGB,0.7824,True,Very High Risk
7162-WPHPM,0.0255,False,Low Risk
1599-MMYRQ,0.1097,False,Low Risk
8821-KVZKQ,0.0719,False,Low Risk
1496-GGSUK,0.6387,True,High Risk
6434-TTGJP,0.0593,False,Low Risk
0042-JVWOJ,0.0181,False,Low Risk
0130-SXOUN,0.2329,False,Low Risk
2575-GFSOE,0.5578,True,High Risk
2330-PQGDQ,0.1238,False,Low Risk
1452-UZOSF,0.0505,False,Low Risk
2097-YVPKN,0.0072,False,Low Risk
2842-JTCCU,0.5111,True,High Risk
8597-CTXVJ,0.0515,False,Low Risk
6631-HMANX,0.0253,False,Low Risk
9962-BFPDU,0.4137,False,Medium Risk
3296-SILRA,0.735,True,Very High Risk
9681-OXGVC,0.7915,True,Very High Risk
6394-HHHZM,0.1071,False,Low Risk
5995-LFTLE,0.0211,False,Low Risk
5180-UCIIQ,0.3101,False,Medium Risk
1932-UEDCX,0.4079,False,Medium Risk
7153-OANIO,0.7831,True,Very High Risk
5188-HGMLP,0.2614,False,Low Risk
0665-XHDJU,0.1756,False,Low Risk
6521-YYTYI,0.8159,True,Very High Risk
8878-HMWBV,0.5703,True,High Risk
8265-HKSOW,0.0408,False,Low Risk
3544-FBCAS,0.0282,False,Low Risk
5331-RGMTT,0.3631,False,Medium Risk
4759-PXTAN,0.1238,False,Low Risk
7054-DMVAS,0.0437,False,Low Risk
3428-MMGUB,0.228,False,Low Risk
6549-BTYPG,0.0182,False,Low Risk
7823-JSOAG,0.6366,True,High Risk
3705-RHRFR,0.0844,False,Low Risk
9374-YOLBJ,0.3301,False,Medium Risk
9074-KGVOX,0.1093,False,Low Risk
6128-DAFVY,0.182,False,Low Risk
9933-QRGTX,0.0973,False,Low Risk
4476-OSWTN,0.2033,False,Low Risk
3751-KTZEL,0.5032,True,High Risk
1977-STDKI,0.7826,True,Very High Risk
5066-GFJMM,0.1386,False,Low Risk
2661-GKBTK,0.0249,False,Low Risk
0458-HEUZG,0.1143,False,Low Risk
7268-WNTCP,0.0032,False,Low Risk
0824-VWDPO,0.1476,False,Low Risk
8409-WQJUX,0.1144,False,Low Risk
2578-JQPHZ,0.1078,False,Low Risk
3278-FSIXX,0.5059,True,High Risk
5813-UECBU,0.3666,False,Medium Risk
0328-GRPMV,0.7933,True,Very High Risk
9746-UGFAC,0.0369,False,Low Risk
2946-KIQSP,0.1645,False,Low Risk
0625-AFOHS,0.0076,False,Low Risk
6726-WEXXK,0.2875,False,Low Risk
4636-OLWOE,0.0892,False,Low Risk
4342-HENTK,0.6552,True,High Risk
4685-ERGHK,0.2963,False,Low Risk
0885-HMGPY,0.0177,False,Low Risk
5003-OKNNK,0.0562,False,Low Risk
4195-SMMNX,0.2123,False,Low Risk
7208-PSIHR,0.1425,False,Low Risk
4012-ZTHBR,0.2744,False,Low Risk
0489-WMEMG,0.1675,False,Low Risk
7435-ZNUYY,0.0417,False,Low Risk
1354-YZFNB,0.0179,False,Low Risk
6956-SMUCM,0.6815,True,High Risk
2985-FMWYF,0.5664,True,High Risk
2812-ENYMO,0.0749,False,Low Risk
2717-HVIZY,0.0746,False,Low Risk
3223-WZWJM,0.5415,True,High Risk
3422-GALYP,0.7013,True,Very High Risk
9053-JZFKV,0.17,False,Low Risk
2530-ENDWQ,0.1814,False,Low Risk
2890-WFBHU,0.1006,False,Low Risk
0327-WFZSY,0.3165,False,Medium Risk
7977-HXJKU,0.0217,False,Low Risk
6615-ZGEDR,0.3453,False,Medium Risk
7033-CLAMM,0.0058,False,Low Risk
4023-RTIQM,0.1345,False,Low Risk
0864-FVJNJ,0.1557,False,Low Risk
7356-IWLFW,0.2825,False,Low Risk
9541-PWTWO,0.0397,False,Low Risk
3967-VQOGC,0.0177,False,Low Risk
7872-RDDLZ,0.1614,False,Low Risk
9250-WYPLL,0.6257,True,High Risk
6308-CQRBU,0.1112,False,Low Risk
2754-XBHTB,0.5685,True,High Risk
1597-LHYNC,0.4985,False,Medium Risk
0186-CAERR,0.2237,False,Low Risk
3043-SUDUA,0.0558,False,Low Risk
5442-BHQNG,0.6143,True,High Risk
2169-RRLFW,0.0066,False,Low Risk
5872-OEQNH,0.1314,False,Low Risk
3162-KKZXO,0.3449,False,Medium Risk
7055-VKGDA,0.2524,False,Low Risk
0754-UKWQP,0.739,True,Very High Risk
8873-GLDMH,0.6619,True,High Risk
5696-JVVQY,0.0388,False,Low Risk
8946-BFWSG,0.0032,False,Low Risk
7493-TPUWZ,0.8187,True,Very High Risk
0547-HURJB,0.0774,False,Low Risk
8904-OPDCK,0.2034,False,Low Risk
8845-LWKGE,0.1152,False,Low Risk
1577-HKTFG,0.1271,False,Low Risk
8752-STIVR,0.6854,True,High Risk
0691-NIKRI,0.2573,False,Low Risk
5022-JNQEQ,0.5476,True,High Risk
4558-FANTW,0.4753,False,Medium Risk
3249-VHRIP,0.0785,False,Low Risk
3736-BLEPA,0.193,False,Low Risk
4701-LKOZD,0.0187,False,Low Risk
6603-QWSPR,0.1387,False,Low Risk
9921-QFQUL,0.3491,False,Medium Risk
1929-ZCBHE,0.1086,False,Low Risk
4378-MYPGO,0.0917,False,Low Risk
8651-ENBZX,0.3366,False,Medium Risk
4129-LYCOI,0.1499,False,Low Risk
7798-JVXYM,0.3242,False,Medium Risk
8647-SDTWQ,0.3583,False,Medium Risk
2696-ECXKC,0.1493,False,Low Risk
2081-KJSQF,0.3501,False,Medium Risk
7623-TRNQN,0.3986,False,Medium Risk
3323-CPBWR,0.3308,False,Medium Risk
9330-IJWIO,0.66,True,High Risk
3384-CTMSF,0.4495,False,Medium Risk
0902-RFHOF,0.0147,False,Low Risk
9286-DOJGF,0.3604,False,Medium Risk
6048-QBXKL,0.4854,False,Medium Risk
9661-MHUMO,0.4709,False,Medium Risk
7718-RXDGG,0.4044,False,Medium Risk
1025-FALIX,0.3031,False,Medium Risk
3451-VAWLI,0.0071,False,Low Risk
3407-QGWLG,0.0819,False,Low Risk
1842-EZJMK,0.3453,False,Medium Risk
2347-WKKAE,0.3723,False,Medium Risk
8735-DCXNF,0.186,False,Low Risk
3214-IYUUQ,0.1166,False,Low Risk
1936-UAFEH,0.1,False,Low Risk
3587-PMCOY,0.4945,False,Medium Risk
8079-XRJRS,0.2218,False,Low Risk
1027-LKKQQ,0.0196,False,Low Risk
7148-XZPHA,0.215,False,Low Risk
8073-IJDCM,0.3911,False,Medium Risk
5309-TAIKL,0.215,False,Low Risk
6856-RAURS,0.6926,True,High Risk
8778-LMWTJ,0.5362,True,High Risk
9717-IOAAF,0.0274,False,Low Risk
8884-ADFVN,0.7794,True,Very High Risk
2845-KDHVX,0.0219,False,Low Risk
0848-SOMKO,0.0235,False,Low Risk
2720-WGKHP,0.8204,True,Very High Risk
6734-FQAJX,0.1425,False,Low Risk
2869-ADAWR,0.337,False,Medium Risk
1535-VTJOQ,0.1057,False,Low Risk
6368-TZZDT,0.0168,False,Low Risk
0943-ZQPXH,0.2916,False,Low Risk
1293-BSEUN,0.0079,False,Low Risk
9894-EZEWG,0.6855,True,High Risk
1302-TPUBN,0.0482,False,Low Risk
7851-FLGGQ,0.4552,False,Medium Risk
0637-UBJRP,0.4851,False,Medium Risk
0940-OUQEC,0.606,True,High Risk
2378-VTKDH,0.3846,False,Medium Risk
0927-CNGRH,0.3072,False,Medium Risk
8608-OZTLB,0.0985,False,Low Risk
2335-GSODA,0.0552,False,Low Risk
1952-DVVSW,0.0598,False,Low Risk
0702-PGIBZ,0.7578,True,Very High Risk
6656-GULJQ,0.0155,False,Low Risk
9853-JFZDU,0.1452,False,Low Risk
1963-VAUKV,0.3086,False,Medium Risk
3777-XROBG,0.0082,False,Low Risk
6994-FGRHH,0.2247,False,Low Risk
4000-VGMQP,0.1187,False,Low Risk
3999-WRNGR,0.2349,False,Low Risk
3466-RITXD,0.3558,False,Medium Risk
2680-XKKNJ,0.1356,False,Low Risk
3058-HJCUY,0.39,False,Medium Risk
2974-GGUXS,0.36,False,Medium Risk
7994-XIRTR,0.0984,False,Low Risk
3259-FDWOY,0.2071,False,Low Risk
2101-RANCD,0.4097,False,Medium Risk
7921-BEPCI,0.0278,False,Low Risk
0807-ZABDG,0.3546,False,Medium Risk
8510-TMWYB,0.0448,False,Low Risk
3258-ZKPAI,0.0376,False,Low Risk
1428-IEDPR,0.2445,False,Low Risk
5298-GSTLM,0.2011,False,Low Risk
4450-YOOHP,0.2034,False,Low Risk
6728-CZFEI,0.1594,False,Low Risk
5748-RNCJT,0.2589,False,Low Risk
3653-NCRDJ,0.0343,False,Low Risk
6121-TNHBO,0.0936,False,Low Risk
5119-NZPTV,0.5765,True,High Risk
6519-ZHPXP,0.0574,False,Low Risk
7739-LAXOG,0.3572,False,Medium Risk
3472-QPRCH,0.0092,False,Low Risk
8224-UAXBZ,0.1541,False,Low Risk
9610-WCESF,0.1412,False,Low Risk
9776-CLUJA,0.3866,False,Medium Risk
2486-WYVVE,0.1454,False,Low Risk
3865-ZYKAD,0.182,False,Low Risk
1422-DGUBX,0.2998,False,Low Risk
2999-AANRQ,0.0708,False,Low Risk
8668-KNZTI,0.0903,False,Low Risk
0480-KYJVA,0.0024,False,Low Risk
6034-ZRYCV,0.284,False,Low Risk
9746-YKGXB,0.0752,False,Low Risk
3926-YZVVX,0.0902,False,Low Risk
6000-UKLWI,0.012,False,Low Risk
2079-FBMZK,0.5653,True,High Risk
6332-FBZRI,0.0682,False,Low Risk
2096-XOTMO,0.0629,False,Low Risk
3266-FTKHB,0.0255,False,Low Risk
8221-EQDGL,0.0981,False,Low Risk
2346-LOCWC,0.0033,False,Low Risk
6608-QQLVK,0.595,True,High Risk
0298-XACET,0.0428,False,Low Risk
7560-QJAVJ,0.0222,False,Low Risk
2995-YWTCD,0.0361,False,Low Risk
3551-HUAZH,0.8342,True,Very High Risk
9137-UIYPG,0.2987,False,Low Risk
2809-ZMYOQ,0.5052,True,High Risk
5084-OOVCJ,0.154,False,Low Risk
0254-WWRKD,0.0771,False,Low Risk
7727-SHVZV,0.1259,False,Low Risk
6302-JGYRJ,0.1941,False,Low Risk
5339-PXDVH,0.5708,True,High Risk
2205-LPVGL,0.0976,False,Low Risk
8782-NUUOL,0.0741,False,Low Risk
3685-YLCMQ,0.368,False,Medium Risk
7601-WFVZV,0.3122,False,Medium Risk
4609-KNNWG,0.0079,False,Low Risk
4868-AADLV,0.1785,False,Low Risk
9529-OFXHY,0.4372,False,Medium Risk
8634-MPHTR,0.507,True,High Risk
2669-QVCRG,0.2787,False,Low Risk
2478-EEWWM,0.3111,False,Medium Risk
9174-IHETN,0.1093,False,Low Risk
2233-TXSIU,0.1227,False,Low Risk
9644-UMGQA,0.3906,False,Medium Risk
3256-EZDBI,0.2005,False,Low Risk
8761-NSOBC,0.3688,False,Medium Risk
0419-YAAPX,0.2776,False,Low Risk
8413-VONUO,0.6619,True,High Risk
0872-CASZJ,0.0593,False,Low Risk
4726-DLWQN,0.1383,False,Low Risk
8164-OCKUJ,0.0068,False,Low Risk
3094-JOJAI,0.337,False,Medium Risk
9494-MRNYX,0.5526,True,High Risk
2599-CZABP,0.237,False,Low Risk
7945-PRBVF,0.0109,False,Low Risk
4544-RXFMG,0.2256,False,Low Risk
0859-YGKFW,0.0432,False,Low Risk
1150-FTQGN,0.1184,False,Low Risk
9223-UCPVT,0.7958,True,Very High Risk
7196-LIWRH,0.0386,False,Low Risk
5448-VWNAM,0.1504,False,Low Risk
1177-XZBJL,0.051,False,Low Risk
3518-FSTWG,0.078,False,Low Risk
9330-VOFSZ,0.1012,False,Low Risk
4351-QLCSU,0.5529,True,High Risk
0939-EREMR,0.1721,False,Low Risk
9389-ACWBI,0.486,False,Medium Risk
5419-JPRRN,0.8357,True,Very High Risk
3644-QXEHN,0.5166,True,High Risk
2911-IJORQ,0.1166,False,Low Risk
5921-NGYRH,0.1806,False,Low Risk
2100-BDNSN,0.3693,False,Medium Risk
5998-DZLYR,0.0842,False,Low Risk
0488-GSLFR,0.8177,True,Very High Risk
9318-NKNFC,0.3721,False,Medium Risk
3985-HOYPM,0.0155,False,Low Risk
9728-FTTVZ,0.8132,True,Very High Risk
9548-LERKT,0.0115,False,Low Risk
6576-FBXOJ,0.1894,False,Low Risk
4310-KEDTB,0.1959,False,Low Risk
7254-IQWOZ,0.8242,True,Very High Risk
2474-BRUCM,0.4285,False,Medium Risk
4062-HBMOS,0.4428,False,Medium Risk
0742-NXBGR,0.7888,True,Very High Risk
2676-ISHSF,0.3052,False,Medium Risk
9236-NDUCW,0.0681,False,Low Risk
4753-PADAS,0.2039,False,Low Risk
6103-QCKFX,0.0759,False,Low Risk
7781-EWARA,0.1111,False,Low Risk
6110-OHIHY,0.6363,True,High Risk
7018-FPXHH,0.0257,False,Low Risk
5889-LFOLL,0.6571,True,High Risk
5708-EVONK,0.2093,False,Low Risk
8708-XPXHZ,0.4654,False,Medium Risk
0616-ATFGB,0.6732,True,High Risk
0572-ZJKLT,0.086,False,Low Risk
5135-RDDQL,0.0325,False,Low Risk
1353-LJWEM,0.2517,False,Low Risk
1794-SWWKL,0.1922,False,Low Risk
6166-YIPFO,0.0733,False,Low Risk
7016-BPGEU,0.2557,False,Low Risk
6876-ADESB,0.5548,True,High Risk
9332-GYWLO,0.347,False,Medium Risk
1963-SVUCV,0.5673,True,High Risk
4184-VODJZ,0.2321,False,Low Risk
0220-EBGCE,0.7104,True,Very High Risk
1092-WPIVQ,0.0244,False,Low Risk
7233-IOQNP,0.1289,False,Low Risk
2834-JKOOW,0.1073,False,Low Risk
2754-VDLTR,0.642,True,High Risk
2400-FEQME,0.0053,False,Low Risk
3190-XFANI,0.2596,False,Low Risk
7551-DACSP,0.3299,False,Medium Risk
4957-SREEC,0.0017,False,Low Risk
7235-NXZCP,0.6953,True,High Risk
0230-UBYPQ,0.0899,False,Low Risk
4923-ADWXJ,0.1426,False,Low Risk
1763-KUAAW,0.0507,False,Low Risk
1104-TNLZA,0.4548,False,Medium Risk
5195-KPUNQ,0.1592,False,Low Risk
0520-FDVVT,0.2874,False,Low Risk
3439-GVUSX,0.4692,False,Medium Risk
1444-VVSGW,0.1693,False,Low Risk
5712-PTIWW,0.6414,True,High Risk
5949-HGVJL,0.1982,False,Low Risk
5203-XEHAX,0.0796,False,Low Risk
1635-HDGFT,0.0227,False,Low Risk
3315-TOTBP,0.5085,True,High Risk
8050-XGRVL,0.0554,False,Low Risk
6661-HBGWL,0.3954,False,Medium Risk
1518-VOWAV,0.398,False,Medium Risk
9828-QHFBK,0.2048,False,Low Risk
3908-MKIMJ,0.1324,False,Low Risk
5012-YSPJJ,0.0908,False,Low Risk
5909-ECHUI,0.5822,True,High Risk
1309-BXVOQ,0.5541,True,High Risk
6728-VOIFY,0.2204,False,Low Risk
9317-WZPGV,0.6917,True,High Risk
4891-NLUBA,0.0208,False,Low Risk
2856-HYAPG,0.761,True,Very High Risk
8969-PRHFK,0.0214,False,Low Risk
0661-KQHNK,0.0855,False,Low Risk
8709-KRDVL,0.4891,False,Medium Risk
4488-PSYCG,0.1332,False,Low Risk
1427-VERSM,0.2975,False,Low Risk
9801-NOSHQ,0.0135,False,Low Risk
6339-YPSAH,0.5658,True,High Risk
3621-CEOVK,0.6586,True,High Risk
6906-ANDWJ,0.5006,True,High Risk
2159-TURXX,0.1118,False,Low Risk
1548-FEHVL,0.2594,False,Low Risk
3795-CAWEX,0.0624,False,Low Risk
6215-NQCPY,0.6084,True,High Risk
5647-URDKA,0.0185,False,Low Risk
2229-DPMBI,0.0201,False,Low Risk
9626-WEQRM,0.3509,False,Medium Risk
2188-SXWVT,0.0713,False,Low Risk
6258-PVZWJ,0.0168,False,Low Risk
1094-BKOSX,0.1021,False,Low Risk
6969-MVBAI,0.7269,True,Very High Risk
2978-XXSOG,0.1381,False,Low Risk
2342-CKIAO,0.1089,False,Low Risk
6953-PBDIN,0.0284,False,Low Risk
3898-BSJYF,0.1403,False,Low Risk
3938-YFPXD,0.0187,False,Low Risk
7696-AMHOD,0.0982,False,Low Risk
2453-SAFNS,0.1021,False,Low Risk
9558-IHEZX,0.0938,False,Low Risk
9617-UDPEU,0.0171,False,Low Risk
6340-DACFT,0.0045,False,Low Risk
4955-VCWBI,0.0172,False,Low Risk
6813-GZQCG,0.0209,False,Low Risk
7426-GSWPO,0.2395,False,Low Risk
3389-KTRXV,0.0265,False,Low Risk
3118-UHVVQ,0.0066,False,Low Risk
1031-IIDEO,0.7904,True,Very High Risk
5832-XKAES,0.6064,True,High Risk
3205-MXZRA,0.0972,False,Low Risk
4701-AHWMW,0.1132,False,Low Risk
8317-BVKSO,0.0785,False,Low Risk
5702-KVQRD,0.0522,False,Low Risk
0083-PIVIK,0.0923,False,Low Risk
9210-IAHGH,0.3649,False,Medium Risk
6169-PGNCD,0.0284,False,Low Risk
0023-XUOPT,0.5603,True,High Risk
4592-IWTJI,0.4198,False,Medium Risk
4909-JOUPP,0.0692,False,Low Risk
4657-FWVFY,0.2991,False,Low Risk
2257-BOVXD,0.2396,False,Low Risk
7729-JTEEC,0.5158,True,High Risk
7632-MNYOY,0.2528,False,Low Risk
6518-LGAOV,0.4551,False,Medium Risk
7242-QZLXF,0.6275,True,High Risk
4576-CSAJH,0.2102,False,Low Risk
1000-AJSLD,0.4662,False,Medium Risk
9696-RMYBA,0.6239,True,High Risk
8690-UPCZI,0.0566,False,Low Risk
1062-LHZOD,0.7575,True,Very High Risk
9770-LXDBK,0.1128,False,Low Risk
4086-WITJG,0.0062,False,Low Risk
8344-WFMFH,0.3318,False,Medium Risk
9600-NAXZN,0.5026,True,High Risk
8822-KNBHV,0.1008,False,Low Risk
8404-FYDIB,0.306,False,Medium Risk
2791-SFVEW,0.1299,False,Low Risk
6457-USBER,0.8108,True,Very High Risk
6762-NSODU,0.0059,False,Low Risk
4662-EKDPQ,0.4417,False,Medium Risk
9248-OJYKK,0.8398,True,Very High Risk
9888-ZCUMM,0.0158,False,Low Risk
3398-FSHON,0.7018,True,Very High Risk
3319-DWOEP,0.7269,True,Very High Risk
1074-WVEVG,0.0404,False,Low Risk
9979-RGMZT,0.5467,True,High Risk
6437-UDQJM,0.0417,False,Low Risk
1226-IENZN,0.5429,True,High Risk
2108-GLPQB,0.1313,False,Low Risk
9259-PACGQ,0.1656,False,Low Risk
4415-IJZTP,0.8241,True,Very High Risk
1465-VINDH,0.6422,True,High Risk
5474-LAMUQ,0.0135,False,Low Risk
3468-DRVQJ,0.1939,False,Low Risk
1122-YJBCS,0.0702,False,Low Risk
4990-ALDGW,0.0157,False,Low Risk
4816-OKWNX,0.1982,False,Low Risk
3315-IKYZQ,0.0592,False,Low Risk
2810-FTLEM,0.3728,False,Medium Risk
4747-LCAQL,0.1247,False,Low Risk
3411-WLRSQ,0.5787,True,High Risk
0898-XCGTF,0.225,False,Low Risk
8006-PYCSW,0.1136,False,Low Risk
8249-THVEC,0.0162,False,Low Risk
8722-PRFDV,0.0344,False,Low Risk
2164-SOQXL,0.0482,False,Low Risk
4020-KIUDI,0.064,False,Low Risk
5850-BDWCY,0.1045,False,Low Risk
2038-YSEZE,0.078,False,Low Risk
0827-ITJPH,0.0173,False,Low Risk
8799-OXZMD,0.211,False,Low Risk
1925-TIBLE,0.7346,True,Very High Risk
1705-GUHPV,0.0108,False,Low Risk
4779-ZGICK,0.0069,False,Low Risk
0048-PIHNL,0.0339,False,Low Risk
0818-OCPZO,0.5181,True,High Risk
3967-KXAPS,0.0117,False,Low Risk
1447-GIQMR,0.8037,True,Very High Risk
3704-IEAXF,0.0357,False,Low Risk
6810-VCAEX,0.0701,False,Low Risk
0674-EYYZV,0.5577,True,High Risk
4480-MBMLB,0.2771,False,Low Risk
1395-OFUWC,0.2119,False,Low Risk
0822-QGCXA,0.2163,False,Low Risk
0872-NXJYS,0.6418,True,High Risk
2832-KJCRD,0.4576,False,Medium Risk
3588-WSTTJ,0.4294,False,Medium Risk
4075-WKNIU,0.1895,False,Low Risk
5090-EMGTC,0.0778,False,Low Risk
2346-CZYIL,0.0098,False,Low Risk
3798-EPWRR,0.5193,True,High Risk
6258-NGCNG,0.1212,False,Low Risk
4186-ZBUEW,0.14,False,Low Risk
5274-XHAKY,0.2452,False,Low Risk
1442-BQPVU,0.3155,False,Medium Risk
3978-YNKDD,0.0165,False,Low Risk
4940-KHCWD,0.0274,False,Low Risk
9412-ARGBX,0.0977,False,Low Risk
1389-CXMLU,0.733,True,Very High Risk
9589-ABEPT,0.0774,False,Low Risk
9388-ZEYVT,0.0981,False,Low Risk
0305-SQECB,0.1109,False,Low Risk
7605-SNLQG,0.1345,False,Low Risk
4670-TABXH,0.0897,False,Low Risk
5561-NWEVX,0.7077,True,Very High Risk
0064-SUDOG,0.039,False,Low Risk
8561-NMTBD,0.1619,False,Low Risk
5161-XEUVX,0.108,False,Low Risk
8292-FRFZQ,0.0729,False,Low Risk
8591-NXRCV,0.1245,False,Low Risk
7895-VONWT,0.275,False,Low Risk
4526-RMTLL,0.1123,False,Low Risk
6253-GNHWH,0.0136,False,Low Risk
4566-NECEV,0.6437,True,High Risk
8080-POTJR,0.1077,False,Low Risk
6906-MPARY,0.1917,False,Low Risk
3662-FXJFO,0.0131,False,Low Risk
8107-RZLNV,0.1612,False,Low Risk
0516-OOHAR,0.249,False,Low Risk
2027-CWDNU,0.44,False,Medium Risk
2737-WFVYW,0.6657,True,High Risk
9912-OMZDS,0.2685,False,Low Risk
3733-ZEECP,0.2381,False,Low Risk
7878-RTCZG,0.3637,False,Medium Risk
2452-MRMZF,0.0131,False,Low Risk
2272-QAGFO,0.6204,True,High Risk
7103-IPXPJ,0.2779,False,Low Risk
4342-HFXWS,0.0545,False,Low Risk
3545-CNWRG,0.3834,False,Medium Risk
1785-BPHTP,0.4039,False,Medium Risk
4989-LIXVT,0.3504,False,Medium Risk
7315-WYOAW,0.5392,True,High Risk
1173-XZPYF,0.6499,True,High Risk
9850-OWRHQ,0.6758,True,High Risk
3768-NLUBH,0.4393,False,Medium Risk
8676-TRMJS,0.6285,True,High Risk
2509-TFPJU,0.0073,False,Low Risk
9530-GRMJG,0.0575,False,Low Risk
6898-RBTLU,0.0357,False,Low Risk
5481-NTDOH,0.194,False,Low Risk
2068-WWXQZ,0.0123,False,Low Risk
7359-SSBJK,0.1414,False,Low Risk
2061-VVFST,0.0724,False,Low Risk
0685-MLYYM,0.6266,True,High Risk
0749-IRGQE,0.4716,False,Medium Risk
2380-DAMQP,0.0477,False,Low Risk
2256-YLYLP,0.0414,False,Low Risk
1272-ILHFG,0.0239,False,Low Risk
0164-XAIRP,0.0204,False,Low Risk
5666-CYCYZ,0.5029,True,High Risk
4011-ARPHK,0.1117,False,Low Risk
8182-PNAGI,0.2244,False,Low Risk
6365-HITVU,0.011,False,Low Risk
7558-IMLMT,0.0072,False,Low Risk
9488-FYQAU,0.1134,False,Low Risk
3590-TCXTB,0.2916,False,Low Risk
6994-KERXL,0.4575,False,Medium Risk
7957-RYHQD,0.2969,False,Low Risk
2180-DXNEG,0.6593,True,High Risk
1960-UOTYM,0.0585,False,Low Risk
2740-JFBOK,0.065,False,Low Risk
6500-JVEGC,0.1176,False,Low Risk
5515-AKOAJ,0.4059,False,Medium Risk
8976-OQHGT,0.2954,False,Low Risk
5245-VDBUR,0.0634,False,Low Risk
6230-BSUXY,0.8065,True,Very High Risk
8469-SNFFH,0.0781,False,Low Risk
2144-ESWKO,0.0847,False,Low Risk
1241-FPMOF,0.0204,False,Low Risk
9928-BZVLZ,0.079,False,Low Risk
4114-QMKVN,0.0637,False,Low Risk
2775-SEFEE,0.1517,False,Low Risk
9003-CPATH,0.3791,False,Medium Risk
1754-GKYPY,0.4378,False,Medium Risk
5294-CDGWY,0.1885,False,Low Risk
7956-XQWGU,0.0349,False,Low Risk
1591-MQJTP,0.2081,False,Low Risk
5295-PCJOO,0.4826,False,Medium Risk
2369-FEVNO,0.4388,False,Medium Risk
9863-JZAIC,0.1646,False,Low Risk
7471-MQPOS,0.1165,False,Low Risk
7660-HDPJV,0.8132,True,Very High Risk
5115-SQAAU,0.0049,False,Low Risk
9845-QOMAD,0.032,False,Low Risk
7672-VFMXZ,0.1257,False,Low Risk
9739-JLPQJ,0.0413,False,Low Risk
9916-AYHTC,0.007,False,Low Risk
3855-ONCAR,0.6134,True,High Risk
1488-SYSFC,0.0476,False,Low Risk
7931-PXHFC,0.1649,False,Low Risk
3990-QYKBE,0.5066,True,High Risk
0970-QXPXW,0.3267,False,Medium Risk
3259-KNMRR,0.1072,False,Low Risk
6120-RJKLU,0.0539,False,Low Risk
9572-WUKSB,0.5093,True,High Risk
5893-KCLGT,0.0314,False,Low Risk
0076-LVEPS,0.107,False,Low Risk
3640-JQGJG,0.1912,False,Low Risk
4919-MOAVT,0.582,True,High Risk
1596-OQSPS,0.269,False,Low Risk
9867-XOBQA,0.0495,False,Low Risk
9546-KDTRB,0.065,False,Low Risk
3090-HAWSU,0.2368,False,Low Risk
9820-RMCQV,0.1986,False,Low Risk
3174-RKMOW,0.3731,False,Medium Risk
1760-CAZHT,0.032,False,Low Risk
7839-QRKXN,0.4898,False,Medium Risk
8441-SHIPE,0.0065,False,Low Risk
5204-QZXPU,0.4526,False,Medium Risk
4597-ELFTS,0.1857,False,Low Risk
1320-GVNHT,0.0563,False,Low Risk
1047-RNXZV,0.0176,False,Low Risk
3541-ZNUHK,0.2225,False,Low Risk
8450-JOVAH,0.3253,False,Medium Risk
8725-JEDFD,0.2976,False,Low Risk
7562-UXTPG,0.453,False,Medium Risk
8071-SBTRN,0.0906,False,Low Risk
1113-IUJYX,0.4762,False,Medium Risk
6668-CNMFP,0.2369,False,Low Risk
5626-MGTUK,0.3855,False,Medium Risk
5681-LLOEI,0.12,False,Low Risk
8212-DJRCH,0.5722,True,High Risk
4323-OHFOW,0.1863,False,Low Risk
4933-BSAIP,0.0079,False,Low Risk
2030-BTZRO,0.0383,False,Low Risk
1116-DXXDF,0.2005,False,Low Risk
9274-CNFMO,0.6556,True,High Risk
7758-XKCBS,0.4537,False,Medium Risk
8992-JQYUN,0.7106,True,Very High Risk
6563-VNPMN,0.1888,False,Low Risk
0617-AQNWT,0.2144,False,Low Risk
2267-WTPYD,0.2508,False,Low Risk
0270-THENM,0.0167,False,Low Risk
2446-PLQVO,0.783,True,Very High Risk
4707-MAXGU,0.0073,False,Low Risk
2710-WYVXG,0.1227,False,Low Risk
3005-NFMTA,0.3944,False,Medium Risk
6300-BWMJX,0.2886,False,Low Risk
8784-CGILN,0.4546,False,Medium Risk
5389-FFVKB,0.4019,False,Medium Risk
7009-LGECI,0.3111,False,Medium Risk
8444-WRIDW,0.2759,False,Low Risk
5022-KVDQT,0.4784,False,Medium Risk
7976-CICYS,0.0951,False,Low Risk
1036-GUDCL,0.085,False,Low Risk
2005-DWQZJ,0.0218,False,Low Risk
8148-WOCMK,0.0149,False,Low Risk
7815-PDTHL,0.0138,False,Low Risk
9451-LPGOO,0.7326,True,Very High Risk
9173-IVZVP,0.0118,False,Low Risk
9129-UXERG,0.4114,False,Medium Risk
3635-JBPSG,0.1557,False,Low Risk
7964-ZRKKG,0.1702,False,Low Risk
5868-YWPDW,0.707,True,Very High Risk
6229-LSCKB,0.6774,True,High Risk
2025-JKFWI,0.5709,True,High Risk
4078-SAYYN,0.7255,True,Very High Risk
1724-IQWNM,0.3028,False,Medium Risk
8217-QYOHV,0.2387,False,Low Risk
5546-QUERU,0.0293,False,Low Risk
9940-HPQPG,0.539,True,High Risk
6897-UUBNU,0.2331,False,Low Risk
6127-IYJOZ,0.5763,True,High Risk
6618-RYATB,0.7889,True,Very High Risk
8930-XOTDP,0.1868,False,Low Risk
5916-QEWPT,0.4139,False,Medium Risk
5060-TQUQN,0.2631,False,Low Risk
0531-XBKMM,0.0193,False,Low Risk
8465-SBRXP,0.1388,False,Low Risk
2408-PSJVE,0.1101,False,Low Risk
9079-YEXQJ,0.3066,False,Medium Risk
9700-ZCLOT,0.2089,False,Low Risk
8738-JOKAR,0.0882,False,Low Risk
4534-WGCIR,0.0058,False,Low Risk
1930-WNXSB,0.294,False,Low Risk
2685-SREOM,0.5225,True,High Risk
3508-CFVZL,0.0429,False,Low Risk
0402-CQAJN,0.3853,False,Medium Risk
6692-UDPJC,0.561,True,High Risk
1273-MTETI,0.764,True,Very High Risk
0657-DOGUM,0.0562,False,Low Risk
5480-HPRRX,0.5863,True,High Risk
8792-AOROI,0.0881,False,Low Risk
0295-PPHDO,0.8393,True,Very High Risk
5146-YYFRZ,0.0127,False,Low Risk
1195-OIYEJ,0.6399,True,High Risk
5906-CVLHP,0.1342,False,Low Risk
3452-SRFEG,0.2977,False,Low Risk
4070-OKWVH,0.2527,False,Low Risk
5297-MDOIR,0.1112,False,Low Risk
6369-MCAKO,0.0175,False,Low Risk
4926-UMJZD,0.117,False,Low Risk
6848-HJTXY,0.009,False,Low Risk
6341-AEVKX,0.2054,False,Low Risk
4501-EQDRN,0.7474,True,Very High Risk
2990-HWIML,0.7134,True,Very High Risk
0682-USIXD,0.4655,False,Medium Risk
6976-BWGLQ,0.003,False,Low Risk
7078-NVFAM,0.2157,False,Low Risk
8065-QBYTO,0.1353,False,Low Risk
2133-TSRRM,0.2736,False,Low Risk
7384-GHBPI,0.6282,True,High Risk
7603-USHJS,0.4478,False,Medium Risk
7234-FECYN,0.7259,True,Very High Risk
2511-ALLCS,0.0054,False,Low Risk
3191-CSNMG,0.6312,True,High Risk
7952-OBOYL,0.6676,True,High Risk
7470-DYNOE,0.1367,False,Low Risk
7853-OETYL,0.415,False,Medium Risk
1545-ACTAS,0.1963,False,Low Risk
5876-HZVZM,0.2405,False,Low Risk
1400-MMYXY,0.7594,True,Very High Risk
5126-RCXYW,0.0366,False,Low Risk
3085-QUOZK,0.4618,False,Medium Risk
2363-BJLSL,0.1141,False,Low Risk
1956-YIFGE,0.3494,False,Medium Risk
3926-CUQZX,0.5325,True,High Risk
7921-LMDFQ,0.2343,False,Low Risk
2925-MXLSX,0.1073,False,Low Risk
5820-PTRYM,0.0797,False,Low Risk
9609-BENEA,0.1364,False,Low Risk
6211-WHMYA,0.2259,False,Low Risk
4459-BBGHE,0.2468,False,Low Risk
9945-PSVIP,0.0356,False,Low Risk
1041-RXHRA,0.3132,False,Medium Risk
1750-CSKKM,0.3649,False,Medium Risk
9108-EJFJP,0.423,False,Medium Risk
0530-IJVDB,0.0781,False,Low Risk
0508-SQWPL,0.0084,False,Low Risk
2215-ZAFGX,0.6991,True,High Risk
8213-TAZPM,0.1639,False,Low Risk
7142-HVGBG,0.5182,True,High Risk
1304-SEGFY,0.1905,False,Low Risk
7242-EDTYC,0.0292,False,Low Risk
2904-GGUAZ,0.0539,False,Low Risk
8267-ZNYVZ,0.3688,False,Medium Risk
5136-GFPMB,0.2587,False,Low Risk
2595-KIWPV,0.0197,False,Low Risk
5243-SAOTC,0.2711,False,Low Risk
9398-MMQTO,0.4622,False,Medium Risk
7619-PLRLP,0.0794,False,Low Risk
6457-GIRWB,0.8153,True,Very High Risk
6508-NJYRO,0.0305,False,Low Risk
1450-SKCVI,0.3559,False,Medium Risk
4710-NKCAW,0.1837,False,Low Risk
5306-BVTKJ,0.1088,False,Low Risk
0357-NVCRI,0.04,False,Low Risk
5570-PTWEH,0.6788,True,High Risk
2371-KFUOG,0.1628,False,Low Risk
0463-ZSDNT,0.2676,False,Low Risk
6502-MJQAE,0.8242,True,Very High Risk
6257-DTAYD,0.1183,False,Low Risk
4616-ULAOA,0.0853,False,Low Risk
7693-LCKZL,0.7111,True,Very High Risk
7746-AWNQW,0.1557,False,Low Risk
5996-EBTKM,0.0294,False,Low Risk
2758-RNWXS,0.2331,False,Low Risk
2314-TNDJQ,0.0111,False,Low Risk
2405-LBMUW,0.0585,False,Low Risk
3454-JFUBC,0.0094,False,Low Risk
0032-PGELS,0.4799,False,Medium Risk
9039-ZVJDC,0.1152,False,Low Risk
6797-LNAQX,0.0986,False,Low Risk
9013-AQORL,0.1714,False,Low Risk
2898-MRKPI,0.1885,False,Low Risk
2750-BJLSB,0.2762,False,Low Risk
3648-GZPHF,0.102,False,Low Risk
2075-RMJIK,0.2594,False,Low Risk
9588-YRFHY,0.0105,False,Low Risk
6394-MFYNG,0.3549,False,Medium Risk
1564-NTYXF,0.6721,True,High Risk
9364-YKUVW,0.1007,False,Low Risk
5392-AKEMH,0.3886,False,Medium Risk
2451-YMUXS,0.0407,False,Low Risk
3914-FDRHP,0.5309,True,High Risk
3078-ZKNTS,0.0363,False,Low Risk
1024-KPRBB,0.2571,False,Low Risk
4690-PKDQG,0.4439,False,Medium Risk
8155-IBNHG,0.3609,False,Medium Risk
0886-QGENL,0.4823,False,Medium Risk
9547-ITEFG,0.5941,True,High Risk
1264-FUHCX,0.1114,False,Low Risk
7789-CRUVC,0.1519,False,Low Risk
6598-KELSS,0.0812,False,Low Risk
8739-WWKDU,0.5813,True,High Risk
8685-WHQPW,0.3959,False,Medium Risk
4745-LSPLO,0.3564,False,Medium Risk
8083-YTZES,0.7051,True,Very High Risk
7240-FQLHE,0.4626,False,Medium Risk
6664-FPDAC,0.2947,False,Low Risk
9972-VAFJJ,0.2074,False,Low Risk
0422-UXFAP,0.3081,False,Medium Risk
1904-WAJAA,0.0912,False,Low Risk
5130-YPIRV,0.031,False,Low Risk
2843-CQMEG,0.1888,False,Low Risk
6439-PKTRR,0.027,False,Low Risk
5351-QESIO,0.4601,False,Medium Risk
0786-VSSUD,0.3374,False,Medium Risk
5568-DMXZS,0.2689,False,Low Risk
8468-FZTOE,0.0211,False,Low Risk
6633-SYEUS,0.2478,False,Low Risk
6447-GORXK,0.2032,False,Low Risk
6967-PEJLL,0.1416,False,Low Risk
3976-BWUCK,0.3286,False,Medium Risk
5981-ZVXOT,0.2828,False,Low Risk
1684-FLBGS,0.1158,False,Low Risk
1389-WNUIB,0.1209,False,Low Risk
0376-OIWME,0.3618,False,Medium Risk
3585-ISXZP,0.704,True,Very High Risk
0218-QNVAS,0.1556,False,Low Risk
6583-QGCSI,0.457,False,Medium Risk
0804-YGEQV,0.0156,False,Low Risk
7164-BPTUT,0.0207,False,Low Risk
4174-LPGTI,0.1375,False,Low Risk
2523-EWWZL,0.4102,False,Medium Risk
0928-XUTSN,0.5936,True,High Risk
2108-XWMPY,0.4875,False,Medium Risk
0052-YNYOT,0.0697,False,Low Risk
6304-IJFSQ,0.4311,False,Medium Risk
9586-JGQKH,0.0983,False,Low Risk
4501-VCPFK,0.1904,False,Low Risk
6075-SLNIL,0.3246,False,Medium Risk
9347-AERRL,0.0134,False,Low Risk
0093-XWZFY,0.3866,False,Medium Risk
2274-XUATA,0.0194,False,Low Risk
1980-KXVPM,0.679,True,High Risk
7703-ZEKEF,0.5124,True,High Risk
0723-DRCLG,0.8397,True,Very High Risk
5482-NUPNA,0.2411,False,Low Risk
6691-CCIHA,0.0416,False,Low Risk
1685-BQULA,0.3272,False,Medium Risk
9053-EJUNL,0.4459,False,Medium Risk
0666-UXTJO,0.3263,False,Medium Risk
1471-GIQKQ,0.4851,False,Medium Risk
4807-IZYOZ,0.0114,False,Low Risk
1122-JWTJW,0.7243,True,Very High Risk
9710-NJERN,0.009,False,Low Risk
9837-FWLCH,0.1442,False,Low Risk
1699-HPSBG,0.2952,False,Low Risk
7203-OYKCT,0.2642,False,Low Risk
1035-IPQPU,0.3764,False,Medium Risk
7398-LXGYX,0.2377,False,Low Risk
2823-LKABH,0.3668,False,Medium Risk
8775-CEBBJ,0.3169,False,Medium Risk
0550-DCXLH,0.1948,False,Low Risk
9281-CEDRU,0.0256,False,Low Risk
2235-DWLJU,0.5473,True,High Risk
0871-OPBXW,0.1019,False,Low Risk
3605-JISKB,0.0989,False,Low Risk
6894-LFHLY,0.8356,True,Very High Risk
9767-FFLEM,0.2931,False,Low Risk
0639-TSIQW,0.2298,False,Low Risk
8456-QDAVC,0.378,False,Medium Risk
7750-EYXWZ,0.1921,False,Low Risk
2569-WGERO,0.0055,False,Low Risk
6840-RESVB,0.1088,False,Low Risk
2234-XADUH,0.1527,False,Low Risk
4801-JZAZL,0.3124,False,Medium Risk
8361-LTMKD,0.6827,True,High Risk
3186-AJIEK,0.1357,False,Low Risk
